{
	"credit": "Made with Blockbench",
	"ambientocclusion": false,
	"textures": {
		"0": "block/powered_rail",
		"particle": "block/activator_rail"
	},
	"elements": [
		{
			"name": "voxel",
			"from": [10, 7.97959, 4.02085],
			"to": [11, 8.97959, 6.02085],
			"rotation": {"angle": 45, "axis": "x", "origin": [8, 8.55841, 7.02796]},
			"faces": {
				"north": {"uv": [5, 1, 6, 2], "texture": "#0"},
				"south": {"uv": [5, 1, 6, 2], "rotation": 180, "texture": "#0"},
				"up": {"uv": [5, 1, 6, 3], "texture": "#0"},
				"down": {"uv": [5, 1, 6, 3], "rotation": 180, "texture": "#0"}
			}
		},
		{
			"name": "voxel",
			"from": [10, 7.97959, 0.02085],
			"to": [11, 8.97959, 2.02085],
			"rotation": {"angle": 45, "axis": "x", "origin": [8, 8.55841, 7.02796]},
			"faces": {
				"north": {"uv": [5, 1, 6, 2], "texture": "#0"},
				"south": {"uv": [5, 1, 6, 2], "rotation": 180, "texture": "#0"},
				"up": {"uv": [5, 1, 6, 3], "texture": "#0"},
				"down": {"uv": [5, 1, 6, 3], "rotation": 180, "texture": "#0"}
			}
		},
		{
			"name": "voxel",
			"from": [10, 7.97959, 8.02085],
			"to": [11, 8.97959, 10.02085],
			"rotation": {"angle": 45, "axis": "x", "origin": [8, 8.55841, 7.02796]},
			"faces": {
				"north": {"uv": [5, 1, 6, 2], "texture": "#0"},
				"south": {"uv": [5, 1, 6, 2], "rotation": 180, "texture": "#0"},
				"up": {"uv": [5, 1, 6, 3], "texture": "#0"},
				"down": {"uv": [5, 1, 6, 3], "rotation": 180, "texture": "#0"}
			}
		},
		{
			"name": "voxel",
			"from": [10, 7.97959, 12.02085],
			"to": [11, 8.97959, 14.02085],
			"rotation": {"angle": 45, "axis": "x", "origin": [8, 8.55841, 7.02796]},
			"faces": {
				"north": {"uv": [5, 1, 6, 2], "texture": "#0"},
				"south": {"uv": [5, 1, 6, 2], "rotation": 180, "texture": "#0"},
				"up": {"uv": [5, 1, 6, 3], "texture": "#0"},
				"down": {"uv": [5, 1, 6, 3], "rotation": 180, "texture": "#0"}
			}
		},
		{
			"name": "voxel",
			"from": [5, 7.97959, 4.02085],
			"to": [6, 8.97959, 6.02085],
			"rotation": {"angle": 45, "axis": "x", "origin": [8, 8.55841, 7.02796]},
			"faces": {
				"north": {"uv": [8.125, 4, 7.125, 5], "texture": "#0"},
				"south": {"uv": [6, 1, 5, 2], "rotation": 180, "texture": "#0"},
				"up": {"uv": [8, 9, 9, 7], "rotation": 180, "texture": "#0"},
				"down": {"uv": [5, 3, 6, 1], "texture": "#0"}
			}
		},
		{
			"name": "voxel",
			"from": [5, 7.97959, 0.02085],
			"to": [6, 8.97959, 2.02085],
			"rotation": {"angle": 45, "axis": "x", "origin": [8, 8.55841, 7.02796]},
			"faces": {
				"north": {"uv": [8.125, 4, 7.125, 5], "texture": "#0"},
				"south": {"uv": [6, 1, 5, 2], "rotation": 180, "texture": "#0"},
				"up": {"uv": [8, 9, 9, 7], "rotation": 180, "texture": "#0"},
				"down": {"uv": [5, 3, 6, 1], "texture": "#0"}
			}
		},
		{
			"name": "voxel",
			"from": [5, 7.97959, 8.02085],
			"to": [6, 8.97959, 10.02085],
			"rotation": {"angle": 45, "axis": "x", "origin": [8, 8.55841, 7.02796]},
			"faces": {
				"north": {"uv": [8.125, 4, 7.125, 5], "texture": "#0"},
				"south": {"uv": [6, 1, 5, 2], "rotation": 180, "texture": "#0"},
				"up": {"uv": [8, 9, 9, 7], "rotation": 180, "texture": "#0"},
				"down": {"uv": [5, 3, 6, 1], "texture": "#0"}
			}
		},
		{
			"name": "voxel",
			"from": [5, 7.97959, 12.02085],
			"to": [6, 8.97959, 14.02085],
			"rotation": {"angle": 45, "axis": "x", "origin": [8, 8.55841, 7.02796]},
			"faces": {
				"north": {"uv": [8.125, 4, 7.125, 5], "texture": "#0"},
				"south": {"uv": [6, 1, 5, 2], "rotation": 180, "texture": "#0"},
				"up": {"uv": [8, 9, 9, 7], "rotation": 180, "texture": "#0"},
				"down": {"uv": [5, 3, 6, 1], "texture": "#0"}
			}
		},
		{
			"name": "voxel",
			"from": [7, 7.97959, 6.02085],
			"to": [9, 8.97959, 8.02085],
			"rotation": {"angle": 45, "axis": "x", "origin": [8, 8.55841, 7.02796]},
			"faces": {
				"east": {"uv": [7, 8, 9, 9], "texture": "#0"},
				"west": {"uv": [7, 4, 9, 5], "texture": "#0"},
				"up": {"uv": [7, 7, 9, 9], "rotation": 180, "texture": "#0"},
				"down": {"uv": [7, 7, 9, 9], "rotation": 90, "texture": "#0"}
			}
		},
		{
			"name": "voxel",
			"from": [7, 7.97959, 2.02085],
			"to": [9, 8.97959, 4.02085],
			"rotation": {"angle": 45, "axis": "x", "origin": [8, 8.55841, 7.02796]},
			"faces": {
				"east": {"uv": [7, 3, 9, 4], "texture": "#0"},
				"west": {"uv": [7, 4, 9, 5], "texture": "#0"},
				"up": {"uv": [7, 3, 9, 5], "rotation": 180, "texture": "#0"},
				"down": {"uv": [7, 3, 9, 5], "rotation": 90, "texture": "#0"}
			}
		},
		{
			"name": "voxel",
			"from": [7, 7.97959, 10.02085],
			"to": [9, 8.97959, 12.02085],
			"rotation": {"angle": 45, "axis": "x", "origin": [8, 8.55841, 7.02796]},
			"faces": {
				"east": {"uv": [7, 4, 9, 5], "texture": "#0"},
				"west": {"uv": [7, 3, 9, 4], "texture": "#0"},
				"up": {"uv": [7, 11, 9, 13], "rotation": 270, "texture": "#0"},
				"down": {"uv": [7, 11, 9, 13], "rotation": 180, "texture": "#0"}
			}
		},
		{
			"name": "voxel",
			"from": [1, 7.97959, 0.02085],
			"to": [2, 8.97959, 2.02085],
			"rotation": {"angle": 45, "axis": "x", "origin": [8, 8.55841, 7.02796]},
			"faces": {
				"north": {"uv": [2, 2, 1, 3], "texture": "#0"},
				"south": {"uv": [2, 1, 1, 2], "texture": "#0"},
				"west": {"uv": [2, 1, 1, 3], "rotation": 90, "texture": "#0"},
				"up": {"uv": [1, 3, 2, 1], "texture": "#0"},
				"down": {"uv": [2, 1, 1, 2], "texture": "#0"}
			}
		},
		{
			"name": "voxel",
			"from": [14, 7.97959, 0.02085],
			"to": [15, 8.97959, 2.02085],
			"rotation": {"angle": 45, "axis": "x", "origin": [8, 8.55841, 7.02796]},
			"faces": {
				"north": {"uv": [1, 2, 2, 3], "texture": "#0"},
				"east": {"uv": [2, 3, 1, 1], "rotation": 90, "texture": "#0"},
				"south": {"uv": [1, 1, 2, 2], "texture": "#0"},
				"up": {"uv": [2, 3, 1, 1], "texture": "#0"},
				"down": {"uv": [1, 1, 2, 2], "texture": "#0"}
			}
		},
		{
			"name": "voxel",
			"from": [1, 7.97959, 4.02085],
			"to": [2, 8.97959, 6.02085],
			"rotation": {"angle": 45, "axis": "x", "origin": [8, 8.55841, 7.02796]},
			"faces": {
				"north": {"uv": [2, 2, 1, 3], "texture": "#0"},
				"south": {"uv": [2, 1, 1, 2], "texture": "#0"},
				"west": {"uv": [2, 1, 1, 3], "rotation": 90, "texture": "#0"},
				"up": {"uv": [1, 3, 2, 1], "texture": "#0"},
				"down": {"uv": [2, 1, 1, 2], "texture": "#0"}
			}
		},
		{
			"name": "voxel",
			"from": [14, 7.97959, 4.02085],
			"to": [15, 8.97959, 6.02085],
			"rotation": {"angle": 45, "axis": "x", "origin": [8, 8.55841, 7.02796]},
			"faces": {
				"north": {"uv": [1, 2, 2, 3], "texture": "#0"},
				"east": {"uv": [2, 3, 1, 1], "rotation": 90, "texture": "#0"},
				"south": {"uv": [1, 1, 2, 2], "texture": "#0"},
				"up": {"uv": [2, 3, 1, 1], "texture": "#0"},
				"down": {"uv": [1, 1, 2, 2], "texture": "#0"}
			}
		},
		{
			"name": "voxel",
			"from": [1, 7.97959, 8.02085],
			"to": [2, 8.97959, 10.02085],
			"rotation": {"angle": 45, "axis": "x", "origin": [8, 8.55841, 7.02796]},
			"faces": {
				"north": {"uv": [2, 2, 1, 3], "texture": "#0"},
				"south": {"uv": [2, 1, 1, 2], "texture": "#0"},
				"west": {"uv": [2, 1, 1, 3], "rotation": 90, "texture": "#0"},
				"up": {"uv": [1, 3, 2, 1], "texture": "#0"},
				"down": {"uv": [2, 1, 1, 2], "texture": "#0"}
			}
		},
		{
			"name": "voxel",
			"from": [14, 7.97959, 8.02085],
			"to": [15, 8.97959, 10.02085],
			"rotation": {"angle": 45, "axis": "x", "origin": [8, 8.55841, 7.02796]},
			"faces": {
				"north": {"uv": [1, 2, 2, 3], "texture": "#0"},
				"east": {"uv": [2, 3, 1, 1], "rotation": 90, "texture": "#0"},
				"south": {"uv": [1, 1, 2, 2], "texture": "#0"},
				"up": {"uv": [2, 3, 1, 1], "texture": "#0"},
				"down": {"uv": [1, 1, 2, 2], "texture": "#0"}
			}
		},
		{
			"name": "voxel",
			"from": [1, 7.97959, 12.02085],
			"to": [2, 8.97959, 14.02085],
			"rotation": {"angle": 45, "axis": "x", "origin": [8, 8.55841, 7.02796]},
			"faces": {
				"north": {"uv": [2, 2, 1, 3], "texture": "#0"},
				"south": {"uv": [2, 1, 1, 2], "texture": "#0"},
				"west": {"uv": [2, 1, 1, 3], "rotation": 90, "texture": "#0"},
				"up": {"uv": [1, 3, 2, 1], "texture": "#0"},
				"down": {"uv": [2, 1, 1, 2], "texture": "#0"}
			}
		},
		{
			"name": "voxel",
			"from": [14, 7.97959, 12.02085],
			"to": [15, 8.97959, 14.02085],
			"rotation": {"angle": 45, "axis": "x", "origin": [8, 8.55841, 7.02796]},
			"faces": {
				"north": {"uv": [1, 2, 2, 3], "texture": "#0"},
				"east": {"uv": [2, 3, 1, 1], "rotation": 90, "texture": "#0"},
				"south": {"uv": [1, 1, 2, 2], "texture": "#0"},
				"up": {"uv": [2, 3, 1, 1], "texture": "#0"},
				"down": {"uv": [1, 1, 2, 2], "texture": "#0"}
			}
		},
		{
			"name": "voxel",
			"from": [6, 7.97959, 4.02085],
			"to": [10, 8.97959, 6.02085],
			"rotation": {"angle": 45, "axis": "x", "origin": [8, 8.55841, 7.02796]},
			"faces": {
				"north": {"uv": [6, 2, 10, 3], "texture": "#0"},
				"south": {"uv": [6, 1, 10, 2], "texture": "#0"},
				"up": {"uv": [6, 1, 10, 3], "rotation": 180, "texture": "#0"},
				"down": {"uv": [6, 1, 10, 3], "texture": "#0"}
			}
		},
		{
			"name": "voxel",
			"from": [6, 7.97959, 0.02085],
			"to": [10, 8.97959, 2.02085],
			"rotation": {"angle": 45, "axis": "x", "origin": [8, 8.55841, 7.02796]},
			"faces": {
				"north": {"uv": [6, 2, 10, 3], "texture": "#0"},
				"south": {"uv": [6, 1, 10, 2], "texture": "#0"},
				"up": {"uv": [6, 1, 10, 3], "rotation": 180, "texture": "#0"},
				"down": {"uv": [6, 1, 10, 3], "texture": "#0"}
			}
		},
		{
			"name": "voxel",
			"from": [6, 7.97959, 8.02085],
			"to": [10, 8.97959, 10.02085],
			"rotation": {"angle": 45, "axis": "x", "origin": [8, 8.55841, 7.02796]},
			"faces": {
				"north": {"uv": [6, 2, 10, 3], "texture": "#0"},
				"south": {"uv": [6, 1, 10, 2], "texture": "#0"},
				"up": {"uv": [6, 1, 10, 3], "rotation": 180, "texture": "#0"},
				"down": {"uv": [6, 1, 10, 3], "texture": "#0"}
			}
		},
		{
			"name": "voxel",
			"from": [6, 7.97959, 12.02085],
			"to": [10, 8.97959, 14.02085],
			"rotation": {"angle": 45, "axis": "x", "origin": [8, 8.55841, 7.02796]},
			"faces": {
				"north": {"uv": [6, 2, 10, 3], "texture": "#0"},
				"south": {"uv": [6, 1, 10, 2], "texture": "#0"},
				"up": {"uv": [6, 1, 10, 3], "rotation": 180, "texture": "#0"},
				"down": {"uv": [6, 1, 10, 3], "texture": "#0"}
			}
		},
		{
			"name": "voxel",
			"from": [11, 7.97959, 4.02085],
			"to": [14, 8.97959, 6.02085],
			"rotation": {"angle": 45, "axis": "x", "origin": [8, 8.55841, 7.02796]},
			"faces": {
				"north": {"uv": [5, 6, 8, 7], "rotation": 180, "texture": "#0"},
				"south": {"uv": [5, 5, 8, 6], "texture": "#0"},
				"up": {"uv": [5, 11, 8, 13], "rotation": 180, "texture": "#0"},
				"down": {"uv": [5, 5, 8, 7], "texture": "#0"}
			}
		},
		{
			"name": "voxel",
			"from": [11, 7.97959, 0.02085],
			"to": [14, 8.97959, 2.02085],
			"rotation": {"angle": 45, "axis": "x", "origin": [8, 8.55841, 7.02796]},
			"faces": {
				"north": {"uv": [5, 6, 8, 7], "rotation": 180, "texture": "#0"},
				"south": {"uv": [5, 5, 8, 6], "texture": "#0"},
				"up": {"uv": [5, 11, 8, 13], "rotation": 180, "texture": "#0"},
				"down": {"uv": [5, 5, 8, 7], "texture": "#0"}
			}
		},
		{
			"name": "voxel",
			"from": [11, 7.97959, 8.02085],
			"to": [14, 8.97959, 10.02085],
			"rotation": {"angle": 45, "axis": "x", "origin": [8, 8.55841, 7.02796]},
			"faces": {
				"north": {"uv": [5, 6, 8, 7], "rotation": 180, "texture": "#0"},
				"south": {"uv": [5, 5, 8, 6], "texture": "#0"},
				"up": {"uv": [5, 11, 8, 13], "rotation": 180, "texture": "#0"},
				"down": {"uv": [5, 5, 8, 7], "texture": "#0"}
			}
		},
		{
			"name": "voxel",
			"from": [11, 7.97959, 12.02085],
			"to": [14, 8.97959, 14.02085],
			"rotation": {"angle": 45, "axis": "x", "origin": [8, 8.55841, 7.02796]},
			"faces": {
				"north": {"uv": [5, 6, 8, 7], "rotation": 180, "texture": "#0"},
				"south": {"uv": [5, 5, 8, 6], "texture": "#0"},
				"up": {"uv": [5, 11, 8, 13], "rotation": 180, "texture": "#0"},
				"down": {"uv": [5, 5, 8, 7], "texture": "#0"}
			}
		},
		{
			"name": "voxel",
			"from": [2, 7.97959, 4.02085],
			"to": [5, 8.97959, 6.02085],
			"rotation": {"angle": 45, "axis": "x", "origin": [8, 8.55841, 7.02796]},
			"faces": {
				"north": {"uv": [5, 2, 8, 3], "texture": "#0"},
				"south": {"uv": [5, 6, 8, 7], "rotation": 180, "texture": "#0"},
				"up": {"uv": [5, 11, 8, 13], "texture": "#0"},
				"down": {"uv": [5, 13, 8, 15], "rotation": 180, "texture": "#0"}
			}
		},
		{
			"name": "voxel",
			"from": [2, 7.97959, 0.02085],
			"to": [5, 8.97959, 2.02085],
			"rotation": {"angle": 45, "axis": "x", "origin": [8, 8.55841, 7.02796]},
			"faces": {
				"north": {"uv": [5, 2, 8, 3], "texture": "#0"},
				"south": {"uv": [5, 6, 8, 7], "rotation": 180, "texture": "#0"},
				"up": {"uv": [5, 11, 8, 13], "texture": "#0"},
				"down": {"uv": [5, 13, 8, 15], "rotation": 180, "texture": "#0"}
			}
		},
		{
			"name": "voxel",
			"from": [2, 7.97959, 8.02085],
			"to": [5, 8.97959, 10.02085],
			"rotation": {"angle": 45, "axis": "x", "origin": [8, 8.55841, 7.02796]},
			"faces": {
				"north": {"uv": [5, 2, 8, 3], "texture": "#0"},
				"south": {"uv": [5, 6, 8, 7], "rotation": 180, "texture": "#0"},
				"up": {"uv": [5, 11, 8, 13], "texture": "#0"},
				"down": {"uv": [5, 13, 8, 15], "rotation": 180, "texture": "#0"}
			}
		},
		{
			"name": "voxel",
			"from": [2, 7.97959, 12.02085],
			"to": [5, 8.97959, 14.02085],
			"rotation": {"angle": 45, "axis": "x", "origin": [8, 8.55841, 7.02796]},
			"faces": {
				"north": {"uv": [5, 2, 8, 3], "texture": "#0"},
				"south": {"uv": [5, 6, 8, 7], "rotation": 180, "texture": "#0"},
				"up": {"uv": [5, 11, 8, 13], "texture": "#0"},
				"down": {"uv": [5, 13, 8, 15], "rotation": 180, "texture": "#0"}
			}
		},
		{
			"name": "voxel",
			"from": [2.001, 9.28011, -4.59934],
			"to": [5.001, 10.28011, 18.87566],
			"rotation": {"angle": 45, "axis": "x", "origin": [8, 8.55841, 7.02796]},
			"faces": {
				"north": {"uv": [10.999, 0, 13.999, 1], "texture": "#0"},
				"east": {"uv": [11, 0, 12, 16], "rotation": 270, "texture": "#0"},
				"south": {"uv": [1.999, 15, 4.999, 16], "texture": "#0"},
				"west": {"uv": [2, 0.375, 3, 16], "rotation": 270, "texture": "#0"},
				"up": {"uv": [2, 0, 5, 16], "texture": "#0"},
				"down": {"uv": [11, 0, 14, 16], "rotation": 180, "texture": "#0"}
			}
		},
		{
			"name": "voxel",
			"from": [10.999, 9.28011, -4.59934],
			"to": [13.999, 10.28011, 18.87566],
			"rotation": {"angle": 45, "axis": "x", "origin": [8, 8.55841, 7.02796]},
			"faces": {
				"north": {"uv": [11, 0, 14, 1], "rotation": 180, "texture": "#0"},
				"east": {"uv": [2, 0, 3, 16], "rotation": 270, "texture": "#0"},
				"south": {"uv": [10.999, 0, 13.999, 1], "texture": "#0"},
				"west": {"uv": [4, 0, 5, 16], "rotation": 90, "texture": "#0"},
				"up": {"uv": [11, 0, 14, 16], "texture": "#0"},
				"down": {"uv": [2, 0, 5, 16], "rotation": 180, "texture": "#0"}
			}
		}
	],
	"display": {},
	"groups": [
		{
			"name": "powered_rail",
			"origin": [8, 8, 8],
			"children": [0, 1, 2, 3, 4, 5, 6, 7, 8, 9, 10, 11, 12, 13, 14, 15, 16, 17, 18, 19, 20, 21, 22, 23, 24, 25, 26, 27, 28, 29, 30, 31, 32]
		}
	]
}