{
	"credit": "Made with Blockbench",
	"textures": {
		"0": "block/rail",
		"particle": "block/rail"
	},
	"elements": [
		{
			"name": "voxel",
			"from": [2, 1, 0],
			"to": [4, 2, 16],
			"faces": {
				"north": {"uv": [12, 0, 14, 1], "texture": "#0"},
				"east": {"uv": [3, 0, 4, 16], "rotation": 90, "texture": "#0"},
				"south": {"uv": [2, 15, 4, 16], "texture": "#0"},
				"west": {"uv": [2, 0.375, 3, 16], "rotation": 270, "texture": "#0"},
				"up": {"uv": [2, 0, 4, 16], "texture": "#0"},
				"down": {"uv": [12, 0, 14, 16], "rotation": 180, "texture": "#0"}
			}
		},
		{
			"name": "voxel",
			"from": [12, 1, 0],
			"to": [14, 2, 16],
			"faces": {
				"north": {"uv": [2, 0, 4, 1], "texture": "#0"},
				"east": {"uv": [2, 0, 3, 16], "rotation": 270, "texture": "#0"},
				"south": {"uv": [12, 0, 14, 1], "texture": "#0"},
				"west": {"uv": [12, 0, 13, 16], "rotation": 270, "texture": "#0"},
				"up": {"uv": [12, 0, 14, 16], "texture": "#0"},
				"down": {"uv": [2, 0, 4, 16], "rotation": 180, "texture": "#0"}
			}
		},
		{
			"name": "voxel",
			"from": [1, 0, 1],
			"to": [15, 1, 3],
			"faces": {
				"north": {"uv": [4, 2.999, 11.999, 1], "texture": "#0"},
				"east": {"uv": [10, 2.999, 10.999, 1], "rotation": 90, "texture": "#0"},
				"south": {"uv": [4, 2.999, 11.998, 1], "texture": "#0"},
				"west": {"uv": [10, 2.999, 10.999, 1], "rotation": 270, "texture": "#0"},
				"up": {"uv": [1, 2.999, 14.999, 1], "texture": "#0"},
				"down": {"uv": [4, 3, 12, 1.001], "texture": "#0"}
			}
		},
		{
			"name": "voxel",
			"from": [1, 0, 5],
			"to": [15, 1, 7],
			"rotation": {"angle": 0, "axis": "y", "origin": [8, 8, 12]},
			"faces": {
				"north": {"uv": [4, 2.999, 11.999, 1], "texture": "#0"},
				"east": {"uv": [10, 2.999, 10.999, 1], "rotation": 90, "texture": "#0"},
				"south": {"uv": [4, 2.999, 11.998, 1], "texture": "#0"},
				"west": {"uv": [10, 2.999, 10.999, 1], "rotation": 270, "texture": "#0"},
				"up": {"uv": [1, 2.999, 14.999, 1], "texture": "#0"},
				"down": {"uv": [4, 3, 12, 1.001], "texture": "#0"}
			}
		},
		{
			"name": "voxel",
			"from": [1, 0, 9],
			"to": [15, 1, 11],
			"rotation": {"angle": 0, "axis": "y", "origin": [8, 8, 16]},
			"faces": {
				"north": {"uv": [4, 2.999, 11.999, 1], "texture": "#0"},
				"east": {"uv": [10, 2.999, 10.999, 1], "rotation": 90, "texture": "#0"},
				"south": {"uv": [4, 2.999, 11.998, 1], "texture": "#0"},
				"west": {"uv": [10, 2.999, 10.999, 1], "rotation": 270, "texture": "#0"},
				"up": {"uv": [1, 2.999, 14.999, 1], "texture": "#0"},
				"down": {"uv": [4, 3, 12, 1.001], "texture": "#0"}
			}
		},
		{
			"name": "voxel",
			"from": [1, 0, 13],
			"to": [15, 1, 15],
			"rotation": {"angle": 0, "axis": "y", "origin": [8, 8, 20]},
			"faces": {
				"north": {"uv": [4, 2.999, 11.999, 1], "texture": "#0"},
				"east": {"uv": [10, 2.999, 10.999, 1], "rotation": 90, "texture": "#0"},
				"south": {"uv": [4, 2.999, 11.998, 1], "texture": "#0"},
				"west": {"uv": [10, 2.999, 10.999, 1], "rotation": 270, "texture": "#0"},
				"up": {"uv": [1, 2.999, 14.999, 1], "texture": "#0"},
				"down": {"uv": [4, 3, 12, 1.001], "texture": "#0"}
			}
		}
	],
	"groups": [
		{
			"name": "powered_rail",
			"origin": [8, 8, 8],
			"children": [0, 1, 2, 3, 4, 5]
		}
	]
}