{
	"credit": "Made with Blockbench",
	"textures": {
		"0": "block/carrots_stage3",
		"particle": "block/carrots_stage3"
	},
	"elements": [
		{
			"from": [2.47, -4.22, 3.17],
			"to": [4.13, -0.62, 4.83],
			"rotation": {"angle": -22.5, "axis": "y", "origin": [3.399, -0.26, 4]},
			"faces": {
				"north": {"uv": [7, 15, 10.999, 16], "texture": "#0"},
				"east": {"uv": [7, 15, 10.999, 16], "texture": "#0"},
				"south": {"uv": [7, 15, 10.999, 16], "texture": "#0"},
				"west": {"uv": [7, 15, 10.999, 16], "texture": "#0"},
				"up": {"uv": [7, 15, 10.999, 16], "texture": "#0"}
			}
		},
		{
			"from": [7.278, -4.22, 7.088],
			"to": [8.938, -0.62, 8.748],
			"rotation": {"angle": 22.5, "axis": "y", "origin": [8.306, 2.26, 7.918]},
			"faces": {
				"north": {"uv": [7, 15, 10.999, 16], "texture": "#0"},
				"east": {"uv": [7, 15, 10.999, 16], "texture": "#0"},
				"south": {"uv": [7, 15, 10.999, 16], "texture": "#0"},
				"west": {"uv": [7, 15, 10.999, 16], "texture": "#0"},
				"up": {"uv": [7, 15, 10.999, 16], "texture": "#0"}
			}
		},
		{
			"from": [2.579, -4.22, 11.699],
			"to": [4.239, -0.62, 13.359],
			"rotation": {"angle": -22.5, "axis": "y", "origin": [3.508, -0.26, 12.529]},
			"faces": {
				"north": {"uv": [7, 15, 10.999, 16], "texture": "#0"},
				"east": {"uv": [7, 15, 10.999, 16], "texture": "#0"},
				"south": {"uv": [7, 15, 10.999, 16], "texture": "#0"},
				"west": {"uv": [7, 15, 10.999, 16], "texture": "#0"},
				"up": {"uv": [7, 15, 10.999, 16], "texture": "#0"}
			}
		},
		{
			"from": [11.873, -4.22, 11.944],
			"to": [13.533, -0.62, 13.604],
			"rotation": {"angle": 0, "axis": "y", "origin": [12.802, -0.26, 12.774]},
			"faces": {
				"north": {"uv": [6, 15, 9.999, 16], "texture": "#0"},
				"east": {"uv": [7, 15, 10.999, 16], "texture": "#0"},
				"south": {"uv": [7, 15, 10.999, 16], "texture": "#0"},
				"west": {"uv": [7, 15, 10.999, 16], "texture": "#0"},
				"up": {"uv": [7, 15, 10.999, 16], "texture": "#0"}
			}
		},
		{
			"from": [11.598, -4.22, 2.996],
			"to": [13.258, -0.62, 4.656],
			"rotation": {"angle": 22.5, "axis": "y", "origin": [12.527, -0.26, 3.826]},
			"faces": {
				"north": {"uv": [7, 15, 10.999, 16], "texture": "#0"},
				"east": {"uv": [7, 15, 10.999, 16], "texture": "#0"},
				"south": {"uv": [7, 15, 10.999, 16], "texture": "#0"},
				"west": {"uv": [7, 15, 10.999, 16], "texture": "#0"},
				"up": {"uv": [7, 15, 10.999, 16], "texture": "#0"}
			}
		},
		{
			"from": [3.08625, -1.075, 1.9125],
			"to": [3.08625, 4.225, 6.2625],
			"rotation": {"angle": 22.5, "axis": "y", "origin": [3.29875, -0.175, 3.5]},
			"faces": {
				"east": {"uv": [2, 3, 14.999, 13.999], "texture": "#0"},
				"west": {"uv": [2, 3, 14.999, 13.999], "texture": "#0"}
			}
		},
		{
			"from": [5.7825, -1.075, 8.0225],
			"to": [10.6825, 4.225, 8.0225],
			"rotation": {"angle": -22.5, "axis": "y", "origin": [8.3825, 2.975, 8.0225]},
			"faces": {
				"north": {"uv": [2, 3, 14.999, 13.999], "texture": "#0"},
				"south": {"uv": [2, 3, 14.999, 13.999], "texture": "#0"}
			}
		},
		{
			"from": [3.41625, -1.075, 9.93],
			"to": [3.41625, 4.225, 14.855],
			"rotation": {"angle": 22.5, "axis": "y", "origin": [3.45375, -0.175, 12.3675]},
			"faces": {
				"east": {"uv": [2, 3, 14.999, 13.999], "texture": "#0"},
				"west": {"uv": [2, 3, 14.999, 13.999], "texture": "#0"}
			}
		},
		{
			"from": [10.52125, -1.075, 12.53],
			"to": [15.22125, 4.225, 12.53],
			"rotation": {"angle": -45, "axis": "y", "origin": [12.53375, -0.175, 12.3425]},
			"faces": {
				"north": {"uv": [2, 3, 14.999, 13.999], "texture": "#0"},
				"south": {"uv": [2, 3, 14.999, 13.999], "texture": "#0"}
			}
		},
		{
			"from": [9.82125, -1.075, 3.945],
			"to": [15.22125, 4.225, 3.945],
			"rotation": {"angle": -22.5, "axis": "y", "origin": [12.53375, -0.175, 3.6575]},
			"faces": {
				"north": {"uv": [2, 3, 14.999, 13.999], "texture": "#0"},
				"south": {"uv": [2, 3, 14.999, 13.999], "texture": "#0"}
			}
		},
		{
			"from": [0.91125, -1.075, 4.0375],
			"to": [5.36125, 4.225, 4.0375],
			"rotation": {"angle": 22.5, "axis": "y", "origin": [3.29875, -0.175, 3.5]},
			"faces": {
				"north": {"uv": [2, 3, 14.999, 13.999], "texture": "#0"},
				"south": {"uv": [2, 3, 14.999, 13.999], "texture": "#0"}
			}
		},
		{
			"from": [8.1575, -1.075, 5.6475],
			"to": [8.1575, 4.225, 10.6225],
			"rotation": {"angle": -22.5, "axis": "y", "origin": [8.3825, 2.975, 8.0225]},
			"faces": {
				"east": {"uv": [2, 3, 14.999, 13.999], "texture": "#0"},
				"west": {"uv": [2, 3, 14.999, 13.999], "texture": "#0"}
			}
		},
		{
			"from": [0.86625, -1.075, 12.38],
			"to": [5.94125, 5.225, 12.38],
			"rotation": {"angle": 22.5, "axis": "y", "origin": [3.45375, -0.175, 12.3675]},
			"faces": {
				"north": {"uv": [2, 3, 14.999, 13.999], "texture": "#0"},
				"south": {"uv": [2, 3, 14.999, 13.999], "texture": "#0"}
			}
		},
		{
			"from": [12.84625, -1.075, 10.18],
			"to": [12.84625, 3.875, 14.93],
			"rotation": {"angle": -45, "axis": "y", "origin": [12.53375, -0.175, 12.3425]},
			"faces": {
				"east": {"uv": [2, 3, 14.999, 13.999], "texture": "#0"},
				"west": {"uv": [2, 3, 14.999, 13.999], "texture": "#0"}
			}
		},
		{
			"from": [12.52125, -1.075, 1.245],
			"to": [12.52125, 5.225, 6.645],
			"rotation": {"angle": -22.5, "axis": "y", "origin": [12.53375, -0.175, 3.6575]},
			"faces": {
				"east": {"uv": [2, 3, 14.999, 13.999], "texture": "#0"},
				"west": {"uv": [2, 3, 14.999, 13.999], "texture": "#0"}
			}
		}
	]
}