{
	"credit": "Made with Blockbench",
	"textures": {
		"0": "block/carrots_stage3",
		"particle": "block/carrots_stage3"
	},
	"elements": [
		{
			"from": [2.47, -4.37, 3.17],
			"to": [4.13, -0.77, 4.83],
			"rotation": {"angle": -22.5, "axis": "y", "origin": [3.399, -0.41, 4]},
			"faces": {
				"north": {"uv": [7, 15, 10.999, 16], "texture": "#0"},
				"east": {"uv": [7, 15, 10.999, 16], "texture": "#0"},
				"south": {"uv": [7, 15, 10.999, 16], "texture": "#0"},
				"west": {"uv": [7, 15, 10.999, 16], "texture": "#0"},
				"up": {"uv": [7, 15, 10.999, 16], "texture": "#0"}
			}
		},
		{
			"from": [7.278, -4.37, 7.088],
			"to": [8.938, -0.77, 8.748],
			"rotation": {"angle": 22.5, "axis": "y", "origin": [8.306, 2.11, 7.918]},
			"faces": {
				"north": {"uv": [7, 15, 10.999, 16], "texture": "#0"},
				"east": {"uv": [7, 15, 10.999, 16], "texture": "#0"},
				"south": {"uv": [7, 15, 10.999, 16], "texture": "#0"},
				"west": {"uv": [7, 15, 10.999, 16], "texture": "#0"},
				"up": {"uv": [7, 15, 10.999, 16], "texture": "#0"}
			}
		},
		{
			"from": [2.579, -4.37, 11.699],
			"to": [4.239, -0.77, 13.359],
			"rotation": {"angle": -22.5, "axis": "y", "origin": [3.508, -0.41, 12.529]},
			"faces": {
				"north": {"uv": [7, 15, 10.999, 16], "texture": "#0"},
				"east": {"uv": [7, 15, 10.999, 16], "texture": "#0"},
				"south": {"uv": [7, 15, 10.999, 16], "texture": "#0"},
				"west": {"uv": [7, 15, 10.999, 16], "texture": "#0"},
				"up": {"uv": [7, 15, 10.999, 16], "texture": "#0"}
			}
		},
		{
			"from": [11.873, -4.37, 11.944],
			"to": [13.533, -0.77, 13.604],
			"rotation": {"angle": 0, "axis": "y", "origin": [12.802, -0.41, 12.774]},
			"faces": {
				"north": {"uv": [6, 15, 9.999, 16], "texture": "#0"},
				"east": {"uv": [7, 15, 10.999, 16], "texture": "#0"},
				"south": {"uv": [7, 15, 10.999, 16], "texture": "#0"},
				"west": {"uv": [7, 15, 10.999, 16], "texture": "#0"},
				"up": {"uv": [7, 15, 10.999, 16], "texture": "#0"}
			}
		},
		{
			"from": [11.598, -4.37, 2.996],
			"to": [13.258, -0.77, 4.656],
			"rotation": {"angle": 22.5, "axis": "y", "origin": [12.527, -0.41, 3.826]},
			"faces": {
				"north": {"uv": [7, 15, 10.999, 16], "texture": "#0"},
				"east": {"uv": [7, 15, 10.999, 16], "texture": "#0"},
				"south": {"uv": [7, 15, 10.999, 16], "texture": "#0"},
				"west": {"uv": [7, 15, 10.999, 16], "texture": "#0"},
				"up": {"uv": [7, 15, 10.999, 16], "texture": "#0"}
			}
		},
		{
			"from": [3.08625, -1.225, 1.3375],
			"to": [3.08625, 3.875, 6.7375],
			"rotation": {"angle": 22.5, "axis": "y", "origin": [3.29875, -0.325, 3.5]},
			"faces": {
				"east": {"uv": [2, 3, 14.999, 13.999], "texture": "#0"},
				"west": {"uv": [2, 0, 14.999, 13.999], "texture": "#0"}
			}
		},
		{
			"from": [5.4575, -1.225, 8.0225],
			"to": [10.8575, 3.875, 8.0225],
			"rotation": {"angle": -22.5, "axis": "y", "origin": [8.3825, 2.825, 8.0225]},
			"faces": {
				"north": {"uv": [2, 3, 14.999, 13.999], "texture": "#0"},
				"south": {"uv": [2, 3, 14.999, 13.999], "texture": "#0"}
			}
		},
		{
			"from": [3.41625, -1.225, 9.68],
			"to": [3.41625, 3.875, 15.08],
			"rotation": {"angle": 22.5, "axis": "y", "origin": [3.45375, -0.325, 12.3675]},
			"faces": {
				"east": {"uv": [2, 3, 14.999, 13.999], "texture": "#0"},
				"west": {"uv": [2, 0, 14.999, 13.999], "texture": "#0"}
			}
		},
		{
			"from": [10.14625, -1.225, 12.53],
			"to": [15.54625, 3.875, 12.53],
			"rotation": {"angle": -45, "axis": "y", "origin": [12.53375, -0.325, 12.3425]},
			"faces": {
				"north": {"uv": [2, 3, 14.999, 13.999], "texture": "#0"},
				"south": {"uv": [2, 3, 14.999, 13.999], "texture": "#0"}
			}
		},
		{
			"from": [9.82125, -1.225, 3.945],
			"to": [15.22125, 3.875, 3.945],
			"rotation": {"angle": -22.5, "axis": "y", "origin": [12.53375, -0.325, 3.6575]},
			"faces": {
				"north": {"uv": [2, 3, 14.999, 13.999], "texture": "#0"},
				"south": {"uv": [2, 3, 14.999, 13.999], "texture": "#0"}
			}
		},
		{
			"from": [0.38625, -1.225, 4.0375],
			"to": [5.78625, 3.875, 4.0375],
			"rotation": {"angle": 22.5, "axis": "y", "origin": [3.29875, -0.325, 3.5]},
			"faces": {
				"north": {"uv": [2, 3, 14.999, 13.999], "texture": "#0"},
				"south": {"uv": [2, 3, 14.999, 13.999], "texture": "#0"}
			}
		},
		{
			"from": [8.1575, -1.225, 5.3225],
			"to": [8.1575, 3.875, 10.7225],
			"rotation": {"angle": -22.5, "axis": "y", "origin": [8.3825, 2.825, 8.0225]},
			"faces": {
				"east": {"uv": [2, 3, 14.999, 13.999], "texture": "#0"},
				"west": {"uv": [2, 0, 14.999, 13.999], "texture": "#0"}
			}
		},
		{
			"from": [0.71625, -1.225, 12.38],
			"to": [6.11625, 3.875, 12.38],
			"rotation": {"angle": 22.5, "axis": "y", "origin": [3.45375, -0.325, 12.3675]},
			"faces": {
				"north": {"uv": [2, 3, 14.999, 13.999], "texture": "#0"},
				"south": {"uv": [2, 3, 14.999, 13.999], "texture": "#0"}
			}
		},
		{
			"from": [12.84625, -1.225, 9.83],
			"to": [12.84625, 3.875, 15.23],
			"rotation": {"angle": -45, "axis": "y", "origin": [12.53375, -0.325, 12.3425]},
			"faces": {
				"east": {"uv": [2, 3, 14.999, 13.999], "texture": "#0"},
				"west": {"uv": [2, 0, 14.999, 13.999], "texture": "#0"}
			}
		},
		{
			"from": [12.52125, -1.225, 1.245],
			"to": [12.52125, 3.875, 6.645],
			"rotation": {"angle": -22.5, "axis": "y", "origin": [12.53375, -0.325, 3.6575]},
			"faces": {
				"east": {"uv": [2, 3, 14.999, 13.999], "texture": "#0"},
				"west": {"uv": [2, 0, 14.999, 13.999], "texture": "#0"}
			}
		}
	]
}