{
	"credit": "Made with Blockbench",
	"textures": {
		"0": "block/carrots_stage0",
		"particle": "block/carrots_stage0"
	},
	"elements": [
		{
			"from": [4.92292, -1.0929, -0.45574],
			"to": [4.92292, 3.8481, 4.41626],
			"rotation": {"angle": 22.5, "axis": "y", "origin": [7.99667, 2.8075, 8.22556]},
			"faces": {
				"east": {"uv": [2, 5, 14.999, 15.999], "texture": "#0"},
				"west": {"uv": [2, 5, 14.999, 15.999], "texture": "#0"}
			}
		},
		{
			"from": [5.39687, -1.3929, 7.85008],
			"to": [10.88487, 4.3481, 7.85008],
			"rotation": {"angle": -22.5, "axis": "y", "origin": [7.99667, 2.5075, 8.22556]},
			"faces": {
				"north": {"uv": [2, 5, 14.999, 15.999], "texture": "#0"},
				"south": {"uv": [2, 5, 14.999, 15.999], "texture": "#0"}
			}
		},
		{
			"from": [1.47865, -1.0929, 7.83429],
			"to": [1.47865, 3.8481, 13.35029],
			"rotation": {"angle": 22.5, "axis": "y", "origin": [7.99667, 2.8075, 8.22556]},
			"faces": {
				"east": {"uv": [2, 5, 14.999, 15.999], "texture": "#0"},
				"west": {"uv": [2, 5, 14.999, 15.999], "texture": "#0"}
			}
		},
		{
			"from": [12.59631, -1.0929, 8.10283],
			"to": [17.86031, 3.8481, 8.10283],
			"rotation": {"angle": -45, "axis": "y", "origin": [7.99667, 2.8075, 8.22556]},
			"faces": {
				"north": {"uv": [2, 5, 14.999, 15.999], "texture": "#0"},
				"south": {"uv": [2, 5, 14.999, 15.999], "texture": "#0"}
			}
		},
		{
			"from": [7.6955, -1.0929, 1.87617],
			"to": [13.7435, 3.8481, 1.87617],
			"rotation": {"angle": -22.5, "axis": "y", "origin": [7.99667, 2.8075, 8.22556]},
			"faces": {
				"north": {"uv": [2, 5, 14.999, 15.999], "texture": "#0"},
				"south": {"uv": [2, 5, 14.999, 15.999], "texture": "#0"}
			}
		},
		{
			"from": [2.48692, -1.0929, 1.92426],
			"to": [7.47092, 3.8481, 1.92426],
			"rotation": {"angle": 22.5, "axis": "y", "origin": [7.99667, 2.8075, 8.22556]},
			"faces": {
				"north": {"uv": [2, 5, 14.999, 15.999], "texture": "#0"},
				"south": {"uv": [2, 5, 14.999, 15.999], "texture": "#0"}
			}
		},
		{
			"from": [8.05687, -1.0929, 5.19008],
			"to": [8.05687, 3.8481, 10.76208],
			"rotation": {"angle": -22.5, "axis": "y", "origin": [7.99667, 2.8075, 8.22556]},
			"faces": {
				"east": {"uv": [2, 5, 14.999, 15.999], "texture": "#0"},
				"west": {"uv": [2, 5, 14.999, 15.999], "texture": "#0"}
			}
		},
		{
			"from": [-1.37735, -1.0929, 10.57829],
			"to": [4.30665, 4.9681, 10.57829],
			"rotation": {"angle": 22.5, "axis": "y", "origin": [7.99667, 2.8075, 8.22556]},
			"faces": {
				"north": {"uv": [2, 5, 14.999, 15.999], "texture": "#0"},
				"south": {"uv": [2, 5, 14.999, 15.999], "texture": "#0"}
			}
		},
		{
			"from": [15.20031, -1.0929, 5.47083],
			"to": [15.20031, 3.4561, 10.79083],
			"rotation": {"angle": -45, "axis": "y", "origin": [7.99667, 2.8075, 8.22556]},
			"faces": {
				"east": {"uv": [2, 5, 14.999, 15.999], "texture": "#0"},
				"west": {"uv": [2, 5, 14.999, 15.999], "texture": "#0"}
			}
		},
		{
			"from": [10.7195, -1.0929, -1.14783],
			"to": [10.7195, 4.9681, 4.90017],
			"rotation": {"angle": -22.5, "axis": "y", "origin": [7.99667, 2.8075, 8.22556]},
			"faces": {
				"east": {"uv": [2, 5, 14.999, 15.999], "texture": "#0"},
				"west": {"uv": [2, 5, 14.999, 15.999], "texture": "#0"}
			}
		}
	]
}