{
	"credit": "Made with Blockbench",
	"textures": {
		"0": "block/carrots_stage1",
		"particle": "block/carrots_stage1"
	},
	"elements": [
		{
			"from": [4.92292, -0.4929, -0.45574],
			"to": [4.92292, 4.4981, 4.41626],
			"rotation": {"angle": 22.5, "axis": "y", "origin": [7.99667, 3.4075, 8.22556]},
			"faces": {
				"east": {"uv": [2, 5, 14.999, 15.999], "texture": "#0"},
				"west": {"uv": [2, 5, 14.999, 15.999], "texture": "#0"}
			}
		},
		{
			"from": [5.39687, -0.7929, 7.85008],
			"to": [10.88487, 4.9981, 7.85008],
			"rotation": {"angle": -22.5, "axis": "y", "origin": [7.99667, 3.1075, 8.22556]},
			"faces": {
				"north": {"uv": [2, 5, 14.999, 15.999], "texture": "#0"},
				"south": {"uv": [2, 5, 14.999, 15.999], "texture": "#0"}
			}
		},
		{
			"from": [1.47865, -0.4929, 7.83429],
			"to": [1.47865, 4.4981, 13.35029],
			"rotation": {"angle": 22.5, "axis": "y", "origin": [7.99667, 3.4075, 8.22556]},
			"faces": {
				"east": {"uv": [2, 5, 14.999, 15.999], "texture": "#0"},
				"west": {"uv": [2, 5, 14.999, 15.999], "texture": "#0"}
			}
		},
		{
			"from": [12.59631, -0.4929, 8.10283],
			"to": [17.86031, 4.4981, 8.10283],
			"rotation": {"angle": -45, "axis": "y", "origin": [7.99667, 3.4075, 8.22556]},
			"faces": {
				"north": {"uv": [2, 5, 14.999, 15.999], "texture": "#0"},
				"south": {"uv": [2, 5, 14.999, 15.999], "texture": "#0"}
			}
		},
		{
			"from": [7.6955, -0.4929, 1.87617],
			"to": [13.7435, 4.4981, 1.87617],
			"rotation": {"angle": -22.5, "axis": "y", "origin": [7.99667, 3.4075, 8.22556]},
			"faces": {
				"north": {"uv": [2, 5, 14.999, 15.999], "texture": "#0"},
				"south": {"uv": [2, 5, 14.999, 15.999], "texture": "#0"}
			}
		},
		{
			"from": [2.48692, -0.4929, 1.92426],
			"to": [7.47092, 4.4981, 1.92426],
			"rotation": {"angle": 22.5, "axis": "y", "origin": [7.99667, 3.4075, 8.22556]},
			"faces": {
				"north": {"uv": [2, 5, 14.999, 15.999], "texture": "#0"},
				"south": {"uv": [2, 5, 14.999, 15.999], "texture": "#0"}
			}
		},
		{
			"from": [8.05687, -0.4929, 5.19008],
			"to": [8.05687, 4.4981, 10.76208],
			"rotation": {"angle": -22.5, "axis": "y", "origin": [7.99667, 3.4075, 8.22556]},
			"faces": {
				"east": {"uv": [2, 5, 14.999, 15.999], "texture": "#0"},
				"west": {"uv": [2, 5, 14.999, 15.999], "texture": "#0"}
			}
		},
		{
			"from": [-1.37735, -0.4929, 10.57829],
			"to": [4.30665, 5.6181, 10.57829],
			"rotation": {"angle": 22.5, "axis": "y", "origin": [7.99667, 3.4075, 8.22556]},
			"faces": {
				"north": {"uv": [2, 5, 14.999, 15.999], "texture": "#0"},
				"south": {"uv": [2, 5, 14.999, 15.999], "texture": "#0"}
			}
		},
		{
			"from": [15.20031, -0.4929, 5.47083],
			"to": [15.20031, 4.1061, 10.79083],
			"rotation": {"angle": -45, "axis": "y", "origin": [7.99667, 3.4075, 8.22556]},
			"faces": {
				"east": {"uv": [2, 5, 14.999, 15.999], "texture": "#0"},
				"west": {"uv": [2, 5, 14.999, 15.999], "texture": "#0"}
			}
		},
		{
			"from": [10.7195, -0.4929, -1.14783],
			"to": [10.7195, 5.6181, 4.90017],
			"rotation": {"angle": -22.5, "axis": "y", "origin": [7.99667, 3.4075, 8.22556]},
			"faces": {
				"east": {"uv": [2, 5, 14.999, 15.999], "texture": "#0"},
				"west": {"uv": [2, 5, 14.999, 15.999], "texture": "#0"}
			}
		}
	]
}