{
	"credit": "Made with Blockbench",
	"textures": {
		"0": "block/carrots_stage3",
		"particle": "block/carrots_stage3"
	},
	"elements": [
		{
			"from": [3.08625, -1.475, 1.9125],
			"to": [3.08625, 3.525, 6.2625],
			"rotation": {"angle": 22.5, "axis": "y", "origin": [3.29875, -0.575, 3.5]},
			"faces": {
				"east": {"uv": [2, 3, 14.999, 13.999], "texture": "#0"},
				"west": {"uv": [2, 3, 14.999, 13.999], "texture": "#0"}
			}
		},
		{
			"from": [5.7825, -1.475, 8.0225],
			"to": [10.6825, 3.525, 8.0225],
			"rotation": {"angle": -22.5, "axis": "y", "origin": [8.3825, 2.575, 8.0225]},
			"faces": {
				"north": {"uv": [2, 3, 14.999, 13.999], "texture": "#0"},
				"south": {"uv": [2, 3, 14.999, 13.999], "texture": "#0"}
			}
		},
		{
			"from": [3.41625, -1.475, 9.93],
			"to": [3.41625, 3.525, 14.855],
			"rotation": {"angle": 22.5, "axis": "y", "origin": [3.45375, -0.575, 12.3675]},
			"faces": {
				"east": {"uv": [2, 3, 14.999, 13.999], "texture": "#0"},
				"west": {"uv": [2, 3, 14.999, 13.999], "texture": "#0"}
			}
		},
		{
			"from": [10.52125, -1.475, 12.53],
			"to": [15.22125, 3.525, 12.53],
			"rotation": {"angle": -45, "axis": "y", "origin": [12.53375, -0.575, 12.3425]},
			"faces": {
				"north": {"uv": [2, 3, 14.999, 13.999], "texture": "#0"},
				"south": {"uv": [2, 3, 14.999, 13.999], "texture": "#0"}
			}
		},
		{
			"from": [9.82125, -1.475, 3.945],
			"to": [15.22125, 3.525, 3.945],
			"rotation": {"angle": -22.5, "axis": "y", "origin": [12.53375, -0.575, 3.6575]},
			"faces": {
				"north": {"uv": [2, 3, 14.999, 13.999], "texture": "#0"},
				"south": {"uv": [2, 3, 14.999, 13.999], "texture": "#0"}
			}
		},
		{
			"from": [0.91125, -1.475, 4.0375],
			"to": [5.36125, 3.525, 4.0375],
			"rotation": {"angle": 22.5, "axis": "y", "origin": [3.29875, -0.575, 3.5]},
			"faces": {
				"north": {"uv": [2, 3, 14.999, 13.999], "texture": "#0"},
				"south": {"uv": [2, 3, 14.999, 13.999], "texture": "#0"}
			}
		},
		{
			"from": [8.1575, -1.475, 5.6475],
			"to": [8.1575, 3.525, 10.6225],
			"rotation": {"angle": -22.5, "axis": "y", "origin": [8.3825, 2.575, 8.0225]},
			"faces": {
				"east": {"uv": [2, 3, 14.999, 13.999], "texture": "#0"},
				"west": {"uv": [2, 3, 14.999, 13.999], "texture": "#0"}
			}
		},
		{
			"from": [0.86625, -1.475, 12.38],
			"to": [5.94125, 3.525, 12.38],
			"rotation": {"angle": 22.5, "axis": "y", "origin": [3.45375, -0.575, 12.3675]},
			"faces": {
				"north": {"uv": [2, 3, 14.999, 13.998], "texture": "#0"},
				"south": {"uv": [2, 3, 14.999, 13.999], "texture": "#0"}
			}
		},
		{
			"from": [12.84625, -1.475, 10.18],
			"to": [12.84625, 3.525, 14.93],
			"rotation": {"angle": -45, "axis": "y", "origin": [12.53375, -0.575, 12.3425]},
			"faces": {
				"east": {"uv": [2, 3, 14.999, 13.999], "texture": "#0"},
				"west": {"uv": [2, 3, 14.999, 13.999], "texture": "#0"}
			}
		},
		{
			"from": [12.52125, -1.475, 1.245],
			"to": [12.52125, 3.525, 6.645],
			"rotation": {"angle": -22.5, "axis": "y", "origin": [12.53375, -0.575, 3.6575]},
			"faces": {
				"east": {"uv": [2, 3, 14.999, 13.999], "texture": "#0"},
				"west": {"uv": [2, 3, 14.999, 13.999], "texture": "#0"}
			}
		}
	]
}