{
    "variants": {
        "age=0": [
            { "model": "block/nether_wart_stage0" },
            { "model": "block/nether_wart_stage0", "y": 90 },
            { "model": "block/nether_wart_stage0", "y": 180 },
            { "model": "block/nether_wart_stage0", "y": 270 }
        ],
        "age=1": [
            { "model": "block/nether_wart_stage1" },
            { "model": "block/nether_wart_stage1", "y": 90 },
            { "model": "block/nether_wart_stage1", "y": 180 },
            { "model": "block/nether_wart_stage1", "y": 270 }
        ],
        "age=2": [
            { "model": "block/nether_wart_stage2" },
            { "model": "block/nether_wart_stage2", "y": 90 },
            { "model": "block/nether_wart_stage2", "y": 180 },
            { "model": "block/nether_wart_stage2", "y": 270 }
        ],
        "age=3": [
            { "model": "block/nether_wart_stage3" },
            { "model": "block/nether_wart_stage3", "y": 90 },
            { "model": "block/nether_wart_stage3", "y": 180 },
            { "model": "block/nether_wart_stage3", "y": 270 }
        ]
    }
}
