{
    "variants": {
        "age=0": { "model": "block/sweet_berry_bush_stage0" },
        "age=1": { "model": "block/sweet_berry_bush_stage1" },
        "age=2": [
            { "model": "block/sweet_berry_bush_stage2" },
            { "model": "block/sweet_berry_bush_stage2", "y": 90 },
            { "model": "block/sweet_berry_bush_stage2", "y": 180 },
            { "model": "block/sweet_berry_bush_stage2", "y": 270 }
        ],
        "age=3": [
            { "model": "block/sweet_berry_bush_stage3" },
            { "model": "block/sweet_berry_bush_stage3", "y": 90 },
            { "model": "block/sweet_berry_bush_stage3", "y": 180 },
            { "model": "block/sweet_berry_bush_stage3", "y": 270 }
        ]
    }
}
