{
	"credit": "Made with Blockbench",
	"texture_size": [32, 32],
	"textures": {
		"1": "./texture"
	},
	"elements": [
		{
			"from": [7.56735, 7.6961, 8.01728],
			"to": [8.43135, 8.5781, 12.44528],
			"rotation": {"angle": 0, "axis": "y", "origin": [13.39935, 13.6181, 11.97728]},
			"faces": {
				"north": {"uv": [14.0735, 10, 2.999, 12.1115], "texture": "#1"},
				"east": {"uv": [14.0735, 10, 2.999, 12.1115], "texture": "#1"},
				"south": {"uv": [14.0735, 10, 2.999, 12.1115], "texture": "#1"},
				"west": {"uv": [2.999, 10, 14.0735, 12.1115], "texture": "#1"},
				"up": {"uv": [14.0735, 10, 2.999, 10.5], "rotation": 270, "texture": "#1"},
				"down": {"uv": [2.999, 12.1115, 14.0735, 10], "texture": "#1"}
			}
		},
		{
			"from": [7.56735, 7.1561, 12.44528],
			"to": [8.43135, 8.5781, 19.03328],
			"rotation": {"angle": 0, "axis": "y", "origin": [13.39935, 13.6181, 16.40528]},
			"faces": {
				"north": {"uv": [12.5, 15.498, 14.4975, 13.5], "rotation": 90, "texture": "#1"},
				"east": {"uv": [4.5, 13.4995, 14.498, 15.498], "texture": "#1"},
				"south": {"uv": [14.498, 13.4995, 4.5, 15.498], "texture": "#1"},
				"west": {"uv": [14.498, 13.4995, 4.5, 15.498], "texture": "#1"},
				"up": {"uv": [4.5, 15.498, 14.498, 13.4995], "texture": "#1"},
				"down": {"uv": [13, 15.498, 14.4975, 13.4995], "texture": "#1"}
			}
		},
		{
			"from": [7.56735, 6.3461, 19.03328],
			"to": [8.43135, 9.2441, 19.24928],
			"rotation": {"angle": 0, "axis": "y", "origin": [13.39935, 13.6181, 16.40528]},
			"faces": {
				"north": {"uv": [2, 7, 1, 9], "rotation": 180, "texture": "#1"},
				"east": {"uv": [1.4995, 7, 1, 9], "texture": "#1"},
				"south": {"uv": [2, 7, 1, 9], "texture": "#1"},
				"west": {"uv": [2, 7, 1.5, 9], "texture": "#1"},
				"up": {"uv": [1, 7.4995, 2, 7], "rotation": 180, "texture": "#1"},
				"down": {"uv": [1, 9, 2, 8.5], "rotation": 180, "texture": "#1"}
			}
		},
		{
			"from": [7.56735, 7.2461, 9.88928],
			"to": [8.43135, 7.6961, 12.44528],
			"rotation": {"angle": 0, "axis": "x", "origin": [7.99935, 7.2551, 10.23128]},
			"faces": {
				"north": {"uv": [9.999, 12, 9, 13], "texture": "#1"},
				"east": {"uv": [13.9995, 12, 8.5, 13], "texture": "#1"},
				"south": {"uv": [13.9995, 12, 8.5, 13], "texture": "#1"},
				"west": {"uv": [8.5, 12, 13.9995, 13], "texture": "#1"},
				"up": {"uv": [8.5, 13, 13.9995, 12], "texture": "#1"},
				"down": {"uv": [13.9995, 12, 8.5, 13], "rotation": 90, "texture": "#1"}
			}
		},
		{
			"from": [7.63935, 4.7981, 9.81728],
			"to": [8.35935, 7.4441, 10.86128],
			"rotation": {"angle": -22.5, "axis": "x", "origin": [7.99935, 6.6791, 9.51128]},
			"faces": {
				"north": {"uv": [16, 6, 14, 12], "texture": "#1"},
				"east": {"uv": [16, 0, 14, 6], "texture": "#1"},
				"south": {"uv": [16, 6, 14, 12], "texture": "#1"},
				"west": {"uv": [14, 0, 16, 6], "texture": "#1"},
				"up": {"uv": [14, 6, 16, 0], "texture": "#1"},
				"down": {"uv": [14, 6, 16, 0], "texture": "#1"}
			}
		},
		{
			"from": [7.62135, 4.6541, 9.74528],
			"to": [8.37735, 4.8161, 10.78928],
			"rotation": {"angle": -22.5, "axis": "x", "origin": [7.99935, 6.6791, 9.51128]},
			"faces": {
				"north": {"uv": [14, 10, 16, 12], "texture": "#1"},
				"east": {"uv": [15.112, 11.225, 15, 10.5], "rotation": 90, "texture": "#1"},
				"south": {"uv": [14, 11.5, 16, 12], "texture": "#1"},
				"west": {"uv": [14.5, 10.5, 15.225, 10.612], "rotation": 180, "texture": "#1"},
				"up": {"uv": [16, 12, 14, 10], "texture": "#1"},
				"down": {"uv": [16, 12, 14, 10], "texture": "#1"}
			}
		},
		{
			"from": [7.62135, 6.3101, 12.28328],
			"to": [8.37735, 6.4721, 14.04728],
			"rotation": {"angle": 45, "axis": "x", "origin": [7.99935, 6.6791, 9.51128]},
			"faces": {
				"north": {"uv": [14, 10, 16, 12], "texture": "#1"},
				"east": {"uv": [15.112, 11.225, 15, 10.5], "rotation": 90, "texture": "#1"},
				"south": {"uv": [14, 11.5, 16, 12], "texture": "#1"},
				"west": {"uv": [14.5, 10.5, 15.225, 10.612], "rotation": 180, "texture": "#1"},
				"up": {"uv": [16, 12, 14, 10], "texture": "#1"},
				"down": {"uv": [16, 12, 14, 7], "texture": "#1"}
			}
		},
		{
			"from": [7.62135, 5.2841, 6.97328],
			"to": [8.37735, 5.4461, 7.74728],
			"rotation": {"angle": -22.5, "axis": "x", "origin": [7.99935, 8.1011, 6.70328]},
			"faces": {
				"north": {"uv": [15.6115, 10.725, 15.5, 10], "rotation": 90, "texture": "#1"},
				"east": {"uv": [15.6115, 10.725, 15.5, 10], "rotation": 90, "texture": "#1"},
				"south": {"uv": [15.6115, 10.725, 15.5, 10], "rotation": 90, "texture": "#1"},
				"west": {"uv": [15.6115, 10.725, 15.5, 10], "rotation": 90, "texture": "#1"},
				"up": {"uv": [15.5, 10, 15.6115, 10.725], "rotation": 90, "texture": "#1"},
				"down": {"uv": [15.5, 10, 15.6115, 10.725], "rotation": 90, "texture": "#1"}
			}
		},
		{
			"from": [7.63935, 5.4461, 7.63928],
			"to": [8.35935, 7.4441, 8.35928],
			"rotation": {"angle": -22.5, "axis": "x", "origin": [7.99935, 6.6791, 7.00928]},
			"faces": {
				"north": {"uv": [2.999, 10, 1.4995, 14.498], "texture": "#1"},
				"east": {"uv": [1.4995, 10, 0, 14.499], "texture": "#1"},
				"south": {"uv": [2.999, 10, 1.4995, 14.498], "texture": "#1"},
				"west": {"uv": [1.4995, 10, 0, 14.499], "texture": "#1"},
				"up": {"uv": [0, 14.499, 1.4995, 10], "texture": "#1"},
				"down": {"uv": [0, 11.9985, 0.499, 11.5], "texture": "#1"}
			}
		},
		{
			"from": [8.14335, 5.9501, 8.35928],
			"to": [8.28735, 6.1841, 9.69128],
			"rotation": {"angle": -22.5, "axis": "x", "origin": [8.43135, 6.7691, 7.72928]},
			"faces": {
				"north": {"uv": [16, 6.5, 15, 7], "texture": "#1"},
				"east": {"uv": [16, 6.5, 15, 7], "texture": "#1"},
				"south": {"uv": [16, 6.5, 15, 7], "texture": "#1"},
				"west": {"uv": [16, 6.5, 15, 7], "texture": "#1"},
				"up": {"uv": [15, 7, 16, 6.5], "texture": "#1"},
				"down": {"uv": [15, 7, 16, 6.5], "texture": "#1"}
			}
		},
		{
			"from": [7.69335, 5.9501, 8.35928],
			"to": [7.83735, 6.1841, 9.69128],
			"rotation": {"angle": -22.5, "axis": "x", "origin": [7.98135, 6.7691, 7.72928]},
			"faces": {
				"north": {"uv": [16, 6.5, 15, 7], "texture": "#1"},
				"east": {"uv": [16, 6.5, 15, 7], "texture": "#1"},
				"south": {"uv": [16, 6.5, 15, 7], "texture": "#1"},
				"west": {"uv": [16, 6.5, 15, 7], "texture": "#1"},
				"up": {"uv": [15, 7, 16, 6.5], "texture": "#1"},
				"down": {"uv": [15, 7, 16, 6.5], "texture": "#1"}
			}
		},
		{
			"from": [7.92735, 7.4891, 9.03428],
			"to": [8.07135, 8.1371, 9.17828],
			"rotation": {"angle": 22.5, "axis": "x", "origin": [7.99935, 7.2011, 7.72928]},
			"faces": {
				"north": {"uv": [0, 15.6, 0.45, 15.5], "rotation": 270, "texture": "#1"},
				"east": {"uv": [0, 15.6, 0.45, 15.5], "rotation": 270, "texture": "#1"},
				"south": {"uv": [0, 15.6, 0.45, 15.5], "rotation": 270, "texture": "#1"},
				"west": {"uv": [0, 15.6, 0.45, 15.5], "rotation": 270, "texture": "#1"},
				"up": {"uv": [0.45, 15.5, 0, 15.6], "rotation": 270, "texture": "#1"},
				"down": {"uv": [0.45, 15.5, 0, 15.6], "rotation": 270, "texture": "#1"}
			}
		},
		{
			"from": [7.56735, 7.4441, 7.15328],
			"to": [8.43135, 7.6961, 9.88928],
			"rotation": {"angle": 0, "axis": "x", "origin": [7.99935, 7.2551, 7.67528]},
			"faces": {
				"north": {"uv": [1.9995, 8.4995, 1, 8.9995], "texture": "#1"},
				"east": {"uv": [2.5, 8.5, 0, 9], "texture": "#1"},
				"south": {"uv": [2.5, 8.5, 0, 9], "texture": "#1"},
				"west": {"uv": [2.5, 8.5, 0, 9], "texture": "#1"},
				"up": {"uv": [0, 9, 2.5, 8.5], "texture": "#1"},
				"down": {"uv": [6.9995, 8.5, 0, 9.999], "rotation": 90, "texture": "#1"}
			}
		},
		{
			"from": [7.62135, 4.8251, 12.40028],
			"to": [8.37735, 7.3991, 14.09228],
			"rotation": {"angle": 22.5, "axis": "x", "origin": [7.99935, 4.6091, 14.15528]},
			"faces": {
				"north": {"uv": [11.999, 5, 10.5, 10], "texture": "#1"},
				"east": {"uv": [12, 5, 9.5, 10], "rotation": 180, "texture": "#1"},
				"south": {"uv": [11.999, 5, 10.5, 10], "texture": "#1"},
				"west": {"uv": [12, 5, 9.5, 10], "rotation": 180, "texture": "#1"},
				"up": {"uv": [9.5, 10, 12, 5], "rotation": 180, "texture": "#1"},
				"down": {"uv": [9.5, 10, 12, 5], "rotation": 180, "texture": "#1"}
			}
		},
		{
			"from": [7.62138, 2.6111, 12.40028],
			"to": [8.37018, 4.8431, 14.09228],
			"rotation": {"angle": 45, "axis": "x", "origin": [7.99935, 4.7171, 14.15528]},
			"faces": {
				"north": {"uv": [11.999, 5, 10.5, 10], "texture": "#1"},
				"east": {"uv": [12, 5, 9.5, 10], "rotation": 180, "texture": "#1"},
				"south": {"uv": [11.999, 5, 10.5, 10], "texture": "#1"},
				"west": {"uv": [12, 5, 9.5, 10], "rotation": 180, "texture": "#1"},
				"up": {"uv": [9.5, 10, 12, 5], "rotation": 180, "texture": "#1"},
				"down": {"uv": [9.5, 10, 12, 5], "rotation": 180, "texture": "#1"}
			}
		},
		{
			"from": [7.71135, 8.5781, 12.44528],
			"to": [8.30535, 8.9921, 19.03328],
			"rotation": {"angle": 0, "axis": "x", "origin": [7.99935, 8.2451, 14.65928]},
			"faces": {
				"north": {"uv": [13.5, 10, 3.5, 11], "texture": "#1"},
				"east": {"uv": [13.5, 10, 3.5, 11], "texture": "#1"},
				"south": {"uv": [13.5, 10, 3.5, 11], "texture": "#1"},
				"west": {"uv": [3.5, 10, 13.5, 11], "texture": "#1"},
				"up": {"uv": [13.5, 10, 3.5, 10.9985], "rotation": 90, "texture": "#1"},
				"down": {"uv": [3.5, 11, 13.5, 10], "texture": "#1"}
			}
		},
		{
			"from": [7.76535, 8.9921, 16.96328],
			"to": [8.25135, 9.2261, 19.03328],
			"rotation": {"angle": 0, "axis": "x", "origin": [7.99935, 8.9291, 14.65928]},
			"faces": {
				"north": {"uv": [3.5, 11, 5.4995, 10.5], "rotation": 90, "texture": "#1"},
				"east": {"uv": [5.4995, 10.5, 3.5, 11], "rotation": 180, "texture": "#1"},
				"south": {"uv": [3.5, 11, 5.4995, 10.5], "rotation": 90, "texture": "#1"},
				"west": {"uv": [5.4995, 10.5, 3.5, 11], "texture": "#1"},
				"up": {"uv": [5.4995, 10.5, 3.5, 11], "rotation": 90, "texture": "#1"},
				"down": {"uv": [5.4995, 10.5, 3.5, 11], "rotation": 90, "texture": "#1"}
			}
		},
		{
			"from": [7.63935, 6.3641, 17.34128],
			"to": [8.35935, 7.1921, 19.03328],
			"rotation": {"angle": 0, "axis": "x", "origin": [7.99935, 6.8951, 14.65928]},
			"faces": {
				"north": {"uv": [6, 14.5, 4.5, 15.5], "texture": "#1"},
				"east": {"uv": [6, 14.5, 4.5, 15.5], "texture": "#1"},
				"south": {"uv": [6, 14.5, 4.5, 15.5], "texture": "#1"},
				"west": {"uv": [6, 14.5, 4.5, 15.5], "texture": "#1"},
				"up": {"uv": [4.5, 15.5, 6, 14.5], "texture": "#1"},
				"down": {"uv": [4.5, 15.5, 6, 15], "texture": "#1"}
			}
		},
		{
			"from": [7.65735, 6.8501, 16.80128],
			"to": [8.34135, 8.0021, 17.41328],
			"rotation": {"angle": -45, "axis": "x", "origin": [7.99935, 7.2641, 17.64728]},
			"faces": {
				"north": {"uv": [5.475, 14.5, 5, 15.2995], "texture": "#1"},
				"east": {"uv": [5.475, 14.5, 5, 15.2995], "texture": "#1"},
				"south": {"uv": [5.475, 14.5, 5, 15.2995], "texture": "#1"},
				"west": {"uv": [5.475, 14.5, 5, 15.2995], "texture": "#1"},
				"up": {"uv": [5, 15.2995, 5.475, 14.5], "texture": "#1"},
				"down": {"uv": [5, 15.2995, 5.475, 14.5], "texture": "#1"}
			}
		},
		{
			"from": [7.56735, 7.6961, 4.66928],
			"to": [8.43135, 8.5781, 8.01728],
			"rotation": {"angle": 0, "axis": "y", "origin": [13.39935, 13.6181, 7.54928]},
			"faces": {
				"north": {"uv": [10.4995, 2.998, 12.498, 1.4995], "rotation": 90, "texture": "#1"},
				"east": {"uv": [9.4995, 4.9995, 0, 6.999], "texture": "#1"},
				"south": {"uv": [9.4995, 4.9995, 0, 6.999], "texture": "#1"},
				"west": {"uv": [0, 4.9995, 9.4995, 6.999], "texture": "#1"},
				"up": {"uv": [9.4995, 2.4995, 0, 2.998], "rotation": 90, "texture": "#1"},
				"down": {"uv": [9.4995, 5.4995, 0, 6.998], "rotation": 90, "texture": "#1"}
			}
		},
		{
			"from": [7.45935, 7.7501, 4.84928],
			"to": [8.52135, 8.3081, 8.01728],
			"rotation": {"angle": 0, "axis": "y", "origin": [13.39935, 13.6181, 7.54928]},
			"faces": {
				"north": {"uv": [10.9995, 2.9965, 11.997, 2.497], "rotation": 90, "texture": "#1"},
				"east": {"uv": [9.498, 5.4995, 0.4995, 6.9975], "texture": "#1"},
				"south": {"uv": [12.498, 2.499, 10.4995, 2.998], "texture": "#1"},
				"west": {"uv": [0.4995, 5.4995, 9.498, 6.9975], "texture": "#1"},
				"up": {"uv": [8.998, 5.9995, 0, 6.499], "rotation": 90, "texture": "#1"},
				"down": {"uv": [9.498, 5.4995, 0.4995, 6.9975], "rotation": 90, "texture": "#1"}
			}
		},
		{
			"from": [7.85535, 8.0021, 2.72528],
			"to": [8.14335, 8.2901, 4.66928],
			"rotation": {"angle": 0, "axis": "y", "origin": [13.39935, 13.6181, 4.20128]},
			"faces": {
				"north": {"uv": [8.999, 6.9995, 0, 8.499], "texture": "#1"},
				"east": {"uv": [8.999, 6.9995, 0, 8.499], "texture": "#1"},
				"south": {"uv": [8.999, 6.9995, 0, 8.499], "texture": "#1"},
				"west": {"uv": [0, 6.9995, 8.999, 8.499], "texture": "#1"},
				"up": {"uv": [8.999, 8.4995, 0, 9.999], "rotation": 90, "texture": "#1"},
				"down": {"uv": [8.999, 6.9995, 0, 8.499], "rotation": 90, "texture": "#1"}
			}
		},
		{
			"from": [7.78335, 7.9301, 3.98528],
			"to": [8.21535, 8.3621, 4.66928],
			"rotation": {"angle": 0, "axis": "y", "origin": [13.39935, 13.6181, 4.20128]},
			"faces": {
				"north": {"uv": [11.999, 1.9995, 10.4995, 2.999], "texture": "#1"},
				"east": {"uv": [11.999, 1.9995, 10.4995, 2.999], "texture": "#1"},
				"south": {"uv": [11.999, 1.9995, 10.4995, 2.999], "texture": "#1"},
				"west": {"uv": [11.999, 1.9995, 10.4995, 2.999], "rotation": 180, "texture": "#1"},
				"up": {"uv": [11.999, 1.9995, 10.4995, 2.999], "rotation": 270, "texture": "#1"},
				"down": {"uv": [10.4995, 2.999, 11.999, 1.9995], "texture": "#1"}
			}
		},
		{
			"from": [7.74735, 7.7861, 4.45328],
			"to": [8.25135, 8.7941, 4.90328],
			"rotation": {"angle": 0, "axis": "y", "origin": [13.39935, 13.6181, 4.20128]},
			"faces": {
				"north": {"uv": [12.349, 1.9995, 10.4995, 2.812], "texture": "#1"},
				"east": {"uv": [12.349, 1.9995, 10.4995, 2.812], "texture": "#1"},
				"south": {"uv": [12.349, 1.9995, 10.4995, 2.812], "texture": "#1"},
				"west": {"uv": [12.349, 1.9995, 10.4995, 2.812], "texture": "#1"},
				"up": {"uv": [10.4995, 2.812, 12.349, 1.9995], "texture": "#1"},
				"down": {"uv": [10.4995, 2.812, 12.349, 1.9995], "texture": "#1"}
			}
		},
		{
			"from": [8.12535, 8.2721, 1.35728],
			"to": [8.21535, 8.3621, 2.72528],
			"rotation": {"angle": 0, "axis": "y", "origin": [13.74135, 13.6181, 2.25728]},
			"faces": {
				"north": {"uv": [11.999, 4, 11.5, 4.4995], "texture": "#1"},
				"east": {"uv": [13.999, 3.9995, 9.9995, 4.4995], "texture": "#1"},
				"south": {"uv": [12.4985, 3.999, 11.4995, 4.4985], "texture": "#1"},
				"west": {"uv": [9.9995, 3.9995, 13.999, 4.4995], "texture": "#1"},
				"up": {"uv": [9.9995, 3.9995, 13.999, 4.4995], "rotation": 90, "texture": "#1"},
				"down": {"uv": [13.999, 3.9995, 9.9995, 4.4995], "rotation": 90, "texture": "#1"}
			}
		},
		{
			"from": [8.12535, 7.9301, 1.35728],
			"to": [8.21535, 8.0201, 2.72528],
			"rotation": {"angle": 0, "axis": "y", "origin": [13.74135, 13.2761, 2.25728]},
			"faces": {
				"north": {"uv": [11.999, 4, 11.5, 4.4995], "texture": "#1"},
				"east": {"uv": [13.999, 3.9995, 9.9995, 4.4995], "texture": "#1"},
				"south": {"uv": [12.4985, 3.999, 11.4995, 4.4985], "texture": "#1"},
				"west": {"uv": [9.9995, 3.9995, 13.999, 4.4995], "texture": "#1"},
				"up": {"uv": [9.9995, 3.9995, 13.999, 4.4995], "rotation": 90, "texture": "#1"},
				"down": {"uv": [13.999, 3.9995, 9.9995, 4.4995], "rotation": 90, "texture": "#1"}
			}
		},
		{
			"from": [7.78335, 8.2721, 1.35728],
			"to": [7.87335, 8.3621, 2.72528],
			"rotation": {"angle": 0, "axis": "y", "origin": [13.39935, 13.6181, 2.25728]},
			"faces": {
				"north": {"uv": [11.999, 4, 11.5, 4.4995], "texture": "#1"},
				"east": {"uv": [13.999, 3.9995, 9.9995, 4.4995], "texture": "#1"},
				"south": {"uv": [11.9985, 3.999, 11.4985, 4.4985], "texture": "#1"},
				"west": {"uv": [9.9995, 3.9995, 13.999, 4.4995], "texture": "#1"},
				"up": {"uv": [9.9995, 3.9995, 13.999, 4.4995], "rotation": 90, "texture": "#1"},
				"down": {"uv": [13.999, 3.9995, 9.9995, 4.4995], "rotation": 90, "texture": "#1"}
			}
		},
		{
			"from": [7.78335, 7.9301, 1.35728],
			"to": [7.87335, 8.0201, 2.72528],
			"rotation": {"angle": 0, "axis": "y", "origin": [13.39935, 13.2761, 2.25728]},
			"faces": {
				"north": {"uv": [11.999, 4, 11.5, 4.4995], "texture": "#1"},
				"east": {"uv": [13.999, 3.9995, 9.9995, 4.4995], "texture": "#1"},
				"south": {"uv": [12.4985, 3.999, 11.4995, 4.4985], "texture": "#1"},
				"west": {"uv": [9.9995, 3.9995, 13.999, 4.4995], "texture": "#1"},
				"up": {"uv": [9.9995, 3.9995, 13.999, 4.4995], "rotation": 90, "texture": "#1"},
				"down": {"uv": [13.999, 3.9995, 9.9995, 4.4995], "rotation": 90, "texture": "#1"}
			}
		},
		{
			"from": [7.87335, 8.2721, 1.35872],
			"to": [8.12535, 8.3621, 1.86992],
			"rotation": {"angle": 0, "axis": "y", "origin": [13.65135, 13.6181, 2.25728]},
			"faces": {
				"north": {"uv": [11.5, 4, 11.999, 4.4995], "texture": "#1"},
				"east": {"uv": [13.999, 3.9995, 9.9995, 4.4995], "texture": "#1"},
				"south": {"uv": [10.9995, 4.499, 12.499, 3.9995], "rotation": 90, "texture": "#1"},
				"west": {"uv": [9.9995, 3.9995, 13.999, 4.4995], "texture": "#1"},
				"up": {"uv": [9.999, 3.9995, 11.499, 4.499], "rotation": 90, "texture": "#1"},
				"down": {"uv": [11.499, 3.9995, 9.999, 4.499], "rotation": 90, "texture": "#1"}
			}
		},
		{
			"from": [7.87335, 8.2721, 2.21408],
			"to": [8.12535, 8.3621, 2.72528],
			"rotation": {"angle": 0, "axis": "y", "origin": [13.65135, 13.6181, 3.12128]},
			"faces": {
				"north": {"uv": [11.5, 4, 11.999, 4.4995], "texture": "#1"},
				"east": {"uv": [13.999, 3.9995, 9.9995, 4.4995], "texture": "#1"},
				"south": {"uv": [11.999, 4.498, 12.4985, 3.9985], "rotation": 90, "texture": "#1"},
				"west": {"uv": [9.9995, 3.9995, 13.999, 4.4995], "texture": "#1"},
				"up": {"uv": [9.999, 3.9995, 11.499, 4.499], "rotation": 90, "texture": "#1"},
				"down": {"uv": [11.499, 3.9995, 9.999, 4.499], "rotation": 90, "texture": "#1"}
			}
		},
		{
			"from": [7.87335, 7.9301, 2.21408],
			"to": [8.12535, 8.0201, 2.72528],
			"rotation": {"angle": 0, "axis": "y", "origin": [13.65135, 13.2761, 3.12128]},
			"faces": {
				"north": {"uv": [11.5, 4, 11.999, 4.4995], "texture": "#1"},
				"east": {"uv": [13.999, 3.9995, 9.9995, 4.4995], "texture": "#1"},
				"south": {"uv": [11.999, 4.498, 12.4985, 3.9985], "rotation": 90, "texture": "#1"},
				"west": {"uv": [9.9995, 3.9995, 13.999, 4.4995], "texture": "#1"},
				"up": {"uv": [9.999, 3.9995, 11.499, 4.499], "rotation": 90, "texture": "#1"},
				"down": {"uv": [11.499, 3.9995, 9.999, 4.499], "rotation": 90, "texture": "#1"}
			}
		},
		{
			"from": [8.12535, 8.0201, 2.21408],
			"to": [8.21535, 8.2721, 2.72528],
			"rotation": {"angle": 0, "axis": "z", "origin": [2.86935, 13.7981, 3.12128]},
			"faces": {
				"north": {"uv": [11.999, 4.4995, 11.5, 4], "rotation": 270, "texture": "#1"},
				"east": {"uv": [11.499, 3.9995, 9.999, 4.499], "texture": "#1"},
				"south": {"uv": [12.4985, 3.9985, 11.999, 4.498], "rotation": 180, "texture": "#1"},
				"west": {"uv": [9.999, 3.9995, 11.499, 4.499], "texture": "#1"},
				"up": {"uv": [13.999, 3.9995, 9.9995, 4.4995], "rotation": 270, "texture": "#1"},
				"down": {"uv": [9.9995, 3.9995, 13.999, 4.4995], "rotation": 270, "texture": "#1"}
			}
		},
		{
			"from": [7.78335, 8.0201, 2.21408],
			"to": [7.87335, 8.2721, 2.72528],
			"rotation": {"angle": 0, "axis": "z", "origin": [2.52735, 13.7981, 3.12128]},
			"faces": {
				"north": {"uv": [11.999, 4.4995, 11.5, 4], "rotation": 270, "texture": "#1"},
				"east": {"uv": [11.499, 3.9995, 9.999, 4.499], "texture": "#1"},
				"south": {"uv": [12.4985, 3.9985, 11.999, 4.498], "rotation": 180, "texture": "#1"},
				"west": {"uv": [9.999, 3.9995, 11.499, 4.499], "texture": "#1"},
				"up": {"uv": [13.999, 3.9995, 9.9995, 4.4995], "rotation": 270, "texture": "#1"},
				"down": {"uv": [9.9995, 3.9995, 13.999, 4.4995], "rotation": 270, "texture": "#1"}
			}
		},
		{
			"from": [8.12535, 8.0201, 1.35872],
			"to": [8.21535, 8.2721, 1.86992],
			"rotation": {"angle": 0, "axis": "z", "origin": [13.47135, 2.4941, 2.25728]},
			"faces": {
				"north": {"uv": [11.999, 4.4995, 11.5, 4], "rotation": 90, "texture": "#1"},
				"east": {"uv": [9.999, 3.9995, 11.499, 4.499], "rotation": 180, "texture": "#1"},
				"south": {"uv": [12.499, 3.9995, 10.9995, 4.499], "texture": "#1"},
				"west": {"uv": [11.499, 3.9995, 9.999, 4.499], "rotation": 180, "texture": "#1"},
				"up": {"uv": [9.9995, 3.9995, 13.999, 4.4995], "rotation": 90, "texture": "#1"},
				"down": {"uv": [13.999, 3.9995, 9.9995, 4.4995], "rotation": 90, "texture": "#1"}
			}
		},
		{
			"from": [7.78335, 8.0201, 1.35872],
			"to": [7.87335, 8.2721, 1.86992],
			"rotation": {"angle": 0, "axis": "z", "origin": [13.12935, 2.4941, 2.25728]},
			"faces": {
				"north": {"uv": [11.999, 4.4995, 11.5, 4], "rotation": 90, "texture": "#1"},
				"east": {"uv": [9.999, 3.9995, 11.499, 4.499], "rotation": 180, "texture": "#1"},
				"south": {"uv": [12.499, 3.9995, 10.9995, 4.499], "texture": "#1"},
				"west": {"uv": [11.499, 3.9995, 9.999, 4.499], "rotation": 180, "texture": "#1"},
				"up": {"uv": [9.9995, 3.9995, 13.999, 4.4995], "rotation": 90, "texture": "#1"},
				"down": {"uv": [13.999, 3.9995, 9.9995, 4.4995], "rotation": 90, "texture": "#1"}
			}
		},
		{
			"from": [7.87335, 7.9301, 1.35872],
			"to": [8.12535, 8.0201, 1.86992],
			"rotation": {"angle": 0, "axis": "y", "origin": [13.65135, 13.2761, 2.25728]},
			"faces": {
				"north": {"uv": [11.5, 4, 11.999, 4.4995], "texture": "#1"},
				"east": {"uv": [13.999, 3.9995, 9.9995, 4.4995], "texture": "#1"},
				"south": {"uv": [10.9995, 4.499, 12.499, 3.9995], "rotation": 90, "texture": "#1"},
				"west": {"uv": [9.9995, 3.9995, 13.999, 4.4995], "texture": "#1"},
				"up": {"uv": [9.999, 3.9995, 11.499, 4.499], "rotation": 90, "texture": "#1"},
				"down": {"uv": [11.499, 3.9995, 9.999, 4.499], "rotation": 90, "texture": "#1"}
			}
		},
		{
			"from": [8.17899, 9.7121, 4.88888],
			"to": [8.25171, 9.9821, 5.31728],
			"rotation": {"angle": 0, "axis": "y", "origin": [13.39935, 14.6981, 5.10128]},
			"faces": {
				"north": {"uv": [9.7975, 5.5, 9.5, 5.6865], "texture": "#1"},
				"east": {"uv": [9.7975, 5.5, 9.5, 5.6865], "texture": "#1"},
				"south": {"uv": [9.7975, 5.5, 9.5, 5.6865], "texture": "#1"},
				"west": {"uv": [9.7975, 5.5, 9.5, 5.6865], "texture": "#1"},
				"up": {"uv": [9.5, 5.6865, 9.7975, 5.5], "texture": "#1"},
				"down": {"uv": [9.5, 5.6865, 9.7975, 5.5], "texture": "#1"}
			}
		},
		{
			"from": [7.81899, 9.7121, 4.88888],
			"to": [8.17971, 9.7661, 5.31728],
			"rotation": {"angle": 0, "axis": "y", "origin": [12.96735, 14.6981, 5.10128]},
			"faces": {
				"north": {"uv": [9.7975, 5.5, 9.5, 5.6865], "texture": "#1"},
				"east": {"uv": [9.7975, 5.5, 9.5, 5.6865], "texture": "#1"},
				"south": {"uv": [9.7975, 5.5, 9.5, 5.6865], "texture": "#1"},
				"west": {"uv": [9.7975, 5.5, 9.5, 5.6865], "texture": "#1"},
				"up": {"uv": [9.5, 5.6865, 9.7975, 5.5], "texture": "#1"},
				"down": {"uv": [9.5, 5.6865, 9.7975, 5.5], "texture": "#1"}
			}
		},
		{
			"from": [7.74699, 9.7121, 4.88888],
			"to": [7.81971, 9.9821, 5.31728],
			"rotation": {"angle": 0, "axis": "y", "origin": [12.96735, 14.6981, 5.10128]},
			"faces": {
				"north": {"uv": [9.7975, 5.5, 9.5, 5.6865], "texture": "#1"},
				"east": {"uv": [9.7975, 5.5, 9.5, 5.6865], "texture": "#1"},
				"south": {"uv": [9.7975, 5.5, 9.5, 5.6865], "texture": "#1"},
				"west": {"uv": [9.7975, 5.5, 9.5, 5.6865], "texture": "#1"},
				"up": {"uv": [9.5, 5.6865, 9.7975, 5.5], "texture": "#1"},
				"down": {"uv": [9.5, 5.6865, 9.7975, 5.5], "texture": "#1"}
			}
		},
		{
			"from": [8.17935, 8.8121, 4.84928],
			"to": [8.25135, 9.8201, 5.29928],
			"rotation": {"angle": -22.5, "axis": "x", "origin": [7.99935, 9.8651, 5.12828]},
			"faces": {
				"north": {"uv": [9.5, 5.499, 11.4995, 5], "rotation": 90, "texture": "#1"},
				"east": {"uv": [9.5, 5.9995, 11.4995, 5], "rotation": 90, "texture": "#1"},
				"south": {"uv": [9.5, 5.499, 11.4995, 5], "rotation": 90, "texture": "#1"},
				"west": {"uv": [9.5, 5.9995, 11.4995, 5], "rotation": 90, "texture": "#1"},
				"up": {"uv": [11.4995, 5, 9.5, 5.9995], "rotation": 90, "texture": "#1"},
				"down": {"uv": [11.4995, 5, 9.5, 5.9995], "rotation": 90, "texture": "#1"}
			}
		},
		{
			"from": [7.74735, 8.8121, 4.84928],
			"to": [7.81935, 9.8201, 5.29928],
			"rotation": {"angle": -22.5, "axis": "x", "origin": [7.56735, 9.8651, 5.12828]},
			"faces": {
				"north": {"uv": [9.5, 5.499, 11.4995, 5], "rotation": 90, "texture": "#1"},
				"east": {"uv": [9.5, 5.9995, 11.4995, 5], "rotation": 90, "texture": "#1"},
				"south": {"uv": [9.5, 5.499, 11.4995, 5], "rotation": 90, "texture": "#1"},
				"west": {"uv": [9.5, 5.9995, 11.4995, 5], "rotation": 90, "texture": "#1"},
				"up": {"uv": [11.4995, 5, 9.5, 5.9995], "rotation": 90, "texture": "#1"},
				"down": {"uv": [11.4995, 5, 9.5, 5.9995], "rotation": 90, "texture": "#1"}
			}
		},
		{
			"from": [7.71135, 8.5781, 4.70528],
			"to": [8.28735, 9.0101, 8.01728],
			"rotation": {"angle": 0, "axis": "y", "origin": [13.39935, 14.5001, 7.54928]},
			"faces": {
				"north": {"uv": [12.499, 1.4995, 10.4995, 2.999], "texture": "#1"},
				"east": {"uv": [10, 1.5, 0, 3], "texture": "#1"},
				"south": {"uv": [10, 1.5, 0, 3], "texture": "#1"},
				"west": {"uv": [0, 1.5, 10, 3], "texture": "#1"},
				"up": {"uv": [10, 3, 0, 4.9995], "rotation": 90, "texture": "#1"},
				"down": {"uv": [0, 3, 10, 1.5], "texture": "#1"}
			}
		},
		{
			"from": [7.71135, 8.5781, 8.01728],
			"to": [8.30535, 8.9201, 12.10328],
			"rotation": {"angle": 0, "axis": "y", "origin": [13.39935, 14.5001, 10.86128]},
			"faces": {
				"north": {"uv": [6, 10, 6, 10], "texture": "#1"},
				"east": {"uv": [9.4985, 11.9995, 2.999, 12.999], "texture": "#1"},
				"south": {"uv": [3, 10, 3, 10], "texture": "#1"},
				"west": {"uv": [9.4985, 11.9995, 2.999, 12.999], "texture": "#1"},
				"up": {"uv": [13.497, 10.5, 3.5, 11.9965], "rotation": 270, "texture": "#1"},
				"down": {"uv": [3, 10, 3, 7], "texture": "#1"}
			}
		},
		{
			"from": [8.25135, 9.6691, 8.16128],
			"to": [8.34135, 10.1191, 12.27428],
			"rotation": {"angle": 0, "axis": "y", "origin": [13.39935, 15.7061, 10.86128]},
			"faces": {
				"north": {"uv": [3.9995, 10, 3.5, 11], "texture": "#1"},
				"east": {"uv": [11, 10, 3.5, 11], "texture": "#1"},
				"south": {"uv": [3.9995, 10, 3.5, 11], "texture": "#1"},
				"west": {"uv": [11, 10, 3.5, 11], "texture": "#1"},
				"up": {"uv": [11, 10, 3.5, 10.4995], "rotation": 90, "texture": "#1"},
				"down": {"uv": [3.5, 10.4995, 11, 10], "rotation": 90, "texture": "#1"}
			}
		},
		{
			"from": [7.67535, 9.6691, 8.16128],
			"to": [7.76535, 10.1191, 12.27428],
			"rotation": {"angle": 0, "axis": "y", "origin": [13.39935, 15.7061, 10.86128]},
			"faces": {
				"north": {"uv": [3.9995, 10, 3.5, 11], "texture": "#1"},
				"east": {"uv": [11, 10, 3.5, 11], "texture": "#1"},
				"south": {"uv": [3.9995, 10, 3.5, 11], "texture": "#1"},
				"west": {"uv": [3.5, 10, 11, 11], "texture": "#1"},
				"up": {"uv": [11, 10, 3.5, 10.4995], "rotation": 90, "texture": "#1"},
				"down": {"uv": [3.5, 10.4995, 11, 10], "rotation": 90, "texture": "#1"}
			}
		},
		{
			"from": [7.76535, 9.6221, 8.14328],
			"to": [8.25835, 9.9281, 12.44528],
			"rotation": {"angle": 0, "axis": "y", "origin": [13.39935, 15.7061, 10.86128]},
			"faces": {
				"north": {"uv": [16, 7, 15.5, 10], "texture": "#1"},
				"east": {"uv": [16, 7, 15.5, 10], "texture": "#1"},
				"south": {"uv": [16, 7, 15.5, 10], "texture": "#1"},
				"west": {"uv": [16, 7, 15.5, 10], "texture": "#1"},
				"up": {"uv": [14, 12, 16, 6], "texture": "#1"},
				"down": {"uv": [15.5, 10, 16, 7], "texture": "#1"}
			}
		},
		{
			"from": [7.78335, 8.5151, 8.22428],
			"to": [8.21535, 9.6311, 8.54828],
			"rotation": {"angle": 22.5, "axis": "x", "origin": [7.99935, 10.0091, 8.77328]},
			"faces": {
				"north": {"uv": [0, 4.9995, 10, 3], "rotation": 90, "texture": "#1"},
				"east": {"uv": [3.5, 11.5, 4, 10.5], "rotation": 270, "texture": "#1"},
				"south": {"uv": [14, 7, 16, 11.4995], "rotation": 180, "texture": "#1"},
				"west": {"uv": [14, 8.9995, 14.5, 8], "rotation": 90, "texture": "#1"},
				"up": {"uv": [0, 0.5, 0, 0.5], "rotation": 180, "texture": "#1"},
				"down": {"uv": [0, 0.5, 0, 0.5], "texture": "#1"}
			}
		},
		{
			"from": [7.69335, 8.0651, 8.27828],
			"to": [8.32335, 9.6491, 8.49428],
			"rotation": {"angle": 22.5, "axis": "x", "origin": [7.99935, 10.0091, 8.77328]},
			"faces": {
				"north": {"uv": [0, 4.9995, 10, 3], "rotation": 90, "texture": "#1"},
				"east": {"uv": [16, 8.5, 15.5, 11.5], "texture": "#1"},
				"south": {"uv": [14, 7, 16, 11.9995], "rotation": 180, "texture": "#1"},
				"west": {"uv": [16, 8.5, 15.5, 11.5], "texture": "#1"},
				"up": {"uv": [0, 0.5, 0, 0.5], "rotation": 180, "texture": "#1"},
				"down": {"uv": [0, 0.5, 0, 0.5], "texture": "#1"}
			}
		},
		{
			"from": [7.74735, 8.78204, 11.6883],
			"to": [8.27635, 9.89804, 12.6243],
			"rotation": {"angle": -22.5, "axis": "x", "origin": [7.99935, 9.48404, 12.4713]},
			"faces": {
				"north": {"uv": [16, 6, 14, 12], "rotation": 180, "texture": "#1"},
				"east": {"uv": [16, 6, 14, 12], "rotation": 180, "texture": "#1"},
				"south": {"uv": [16, 6, 14, 12], "rotation": 180, "texture": "#1"},
				"west": {"uv": [16, 6, 14, 12], "rotation": 180, "texture": "#1"},
				"up": {"uv": [14, 12, 16, 6], "rotation": 180, "texture": "#1"},
				"down": {"uv": [14, 12, 16, 6], "rotation": 180, "texture": "#1"}
			}
		},
		{
			"from": [7.65735, 8.47604, 11.7423],
			"to": [8.35935, 9.97004, 12.4443],
			"rotation": {"angle": -22.5, "axis": "x", "origin": [7.99935, 9.48404, 12.4713]},
			"faces": {
				"north": {"uv": [16, 6, 14, 10.487], "rotation": 180, "texture": "#1"},
				"east": {"uv": [16, 6, 14, 10.487], "rotation": 180, "texture": "#1"},
				"south": {"uv": [16, 6, 14, 10.487], "texture": "#1"},
				"west": {"uv": [16, 6, 14, 10.487], "texture": "#1"},
				"up": {"uv": [14, 10.487, 16, 6], "rotation": 180, "texture": "#1"},
				"down": {"uv": [14, 10.487, 16, 6], "rotation": 180, "texture": "#1"}
			}
		}
	],
	"display": {
		"thirdperson_righthand": {
			"translation": [0, 1, -1.5]
		},
		"thirdperson_lefthand": {
			"translation": [0, 1, -1.5]
		},
		"firstperson_righthand": {
			"translation": [-5, 5, 3]
		},
		"firstperson_lefthand": {
			"translation": [-5, 5, 3]
		},
		"ground": {
			"translation": [0, 1.75, -2],
			"scale": [1.14, 1.14, 1.14]
		},
		"gui": {
			"rotation": [-29, 143, 15],
			"translation": [-2.5, 2.5, 0],
			"scale": [1.54, 1.54, 1.54]
		},
		"fixed": {
			"rotation": [90, 0, 90],
			"translation": [0.75, 4, -2],
			"scale": [1.7, 1.7, 1.7]
		}
	}
}