{
	"credit": "Made with Blockbench",
	"textures": {
		"0": "./texture",
		"particle": "./texture"
	},
	"elements": [
		{
			"from": [5.79655, 7.38233, 7.71638],
			"to": [12.37155, 9.13233, 8.51638],
			"rotation": {"angle": 0, "axis": "y", "origin": [10.1, 8, 8]},
			"faces": {
				"north": {"uv": [10.725, 9.375, 0.25, 12.625], "texture": "#0"},
				"south": {"uv": [0.25, 9.375, 10.725, 12.625], "texture": "#0"},
				"up": {"uv": [2.625, 7.5, 3.75, 8.375], "texture": "#0"}
			}
		},
		{
			"from": [0.32155, 7.38233, 7.71638],
			"to": [5.79655, 9.13233, 8.51638],
			"rotation": {"angle": 0, "axis": "y", "origin": [3.525, 8, 8]},
			"faces": {
				"north": {"uv": [11.85, 1.375, 1.5, 4.625], "texture": "#0"},
				"south": {"uv": [1.5, 1.375, 11.85, 4.625], "texture": "#0"},
				"west": {"uv": [0, 1, 12.1, 3], "texture": "#0"},
				"up": {"uv": [15.225, 7.625, 9.875, 8.05], "texture": "#0"},
				"down": {"uv": [0, 1, 12.1, 3], "texture": "#0"}
			}
		},
		{
			"from": [12.37155, 7.13233, 7.61638],
			"to": [14.37155, 9.13233, 8.61638],
			"rotation": {"angle": 0, "axis": "y", "origin": [10, 8, 8]},
			"faces": {
				"north": {"uv": [15.25, 9.75, 11.125, 13.5], "texture": "#0"},
				"south": {"uv": [11.125, 9.75, 15.25, 13.5], "texture": "#0"},
				"west": {"uv": [1.125, 3.25, 2.125, 3.75], "texture": "#0"},
				"up": {"uv": [2.5, 7.375, 0.5, 8.5], "texture": "#0"}
			}
		},
		{
			"from": [12.52155, 7.13233, 7.41638],
			"to": [14.37155, 8.95733, 8.81638],
			"rotation": {"angle": 0, "axis": "y", "origin": [10, 8, 8]},
			"faces": {
				"north": {"uv": [11.125, 9.75, 15.675, 13.55], "texture": "#0"},
				"south": {"uv": [15.675, 9.75, 11.125, 13.55], "texture": "#0"},
				"west": {"uv": [11.375, 11, 11.575, 12.8], "texture": "#0"},
				"up": {"uv": [0, 0, 1.8, 0.2], "texture": "#0"},
				"down": {"uv": [0, 0, 1.8, 0.2], "texture": "#0"}
			}
		},
		{
			"from": [13.07155, 7.55733, 7.29138],
			"to": [13.77155, 8.25733, 8.94138],
			"rotation": {"angle": 0, "axis": "y", "origin": [10, 8.125, 8]},
			"faces": {
				"north": {"uv": [12.75, 11, 14.25, 12.5], "texture": "#0"},
				"east": {"uv": [12.625, 11.75, 12.75, 12.25], "texture": "#0"},
				"south": {"uv": [12.75, 11, 14.25, 12.5], "texture": "#0"},
				"west": {"uv": [14.25, 11.625, 14.375, 12], "texture": "#0"},
				"up": {"uv": [13, 11, 13.875, 11.125], "texture": "#0"},
				"down": {"uv": [13.25, 12.625, 13.75, 12.75], "texture": "#0"}
			}
		},
		{
			"from": [12.89655, 8.43233, 7.29138],
			"to": [13.92155, 8.55733, 8.94138],
			"rotation": {"angle": 0, "axis": "y", "origin": [10, 7.775, 8]},
			"faces": {
				"north": {"uv": [11.75, 10.375, 15.25, 10.75], "texture": "#0"},
				"east": {"uv": [12.375, 10.625, 12.625, 10.75], "texture": "#0"},
				"south": {"uv": [15.25, 10.375, 11.75, 10.75], "texture": "#0"},
				"west": {"uv": [11.875, 10.625, 12, 10.75], "texture": "#0"},
				"up": {"uv": [11.875, 10.625, 15.25, 10.75], "texture": "#0"},
				"down": {"uv": [12, 10.75, 15, 10.875], "texture": "#0"}
			}
		},
		{
			"from": [14.37155, 7.13233, 7.41638],
			"to": [14.57155, 9.13233, 8.81638],
			"rotation": {"angle": 0, "axis": "y", "origin": [10, 8, 8]},
			"faces": {
				"north": {"uv": [0, 0, 1.5, 0.175], "texture": "#0"},
				"east": {"uv": [14.875, 15.25, 16, 16], "texture": "#0"},
				"south": {"uv": [0, 0, 0.3, 2], "texture": "#0"},
				"west": {"uv": [0, 0, 1.4, 2], "texture": "#0"},
				"up": {"uv": [0, 7.5, 0.3, 8.4], "texture": "#0"},
				"down": {"uv": [2.125, 5.125, 2.675, 5.274], "texture": "#0"}
			}
		},
		{
			"from": [14.57155, 7.13233, 8.61638],
			"to": [14.87155, 9.13233, 8.81638],
			"rotation": {"angle": 0, "axis": "y", "origin": [10, 8, 8]},
			"faces": {
				"north": {"uv": [0, 0, 1.625, 0.2], "texture": "#0"},
				"east": {"uv": [0, 0, 1.625, 0.2], "texture": "#0"},
				"south": {"uv": [0, 0, 1.625, 0.2], "texture": "#0"},
				"up": {"uv": [0, 0, 1.625, 0.2], "texture": "#0"},
				"down": {"uv": [0, 0, 1.625, 0.2], "texture": "#0"}
			}
		},
		{
			"from": [14.57155, 7.13233, 8.01638],
			"to": [14.87155, 9.13233, 8.21638],
			"rotation": {"angle": 0, "axis": "y", "origin": [10, 8, 7.4]},
			"faces": {
				"north": {"uv": [0, 0, 1.625, 0.2], "texture": "#0"},
				"east": {"uv": [0, 0, 1.625, 0.2], "texture": "#0"},
				"south": {"uv": [0, 0, 1.625, 0.2], "texture": "#0"},
				"up": {"uv": [0, 0, 1.625, 0.2], "texture": "#0"},
				"down": {"uv": [0, 0, 1.625, 0.2], "texture": "#0"}
			}
		},
		{
			"from": [14.57155, 7.13233, 7.41638],
			"to": [14.87155, 9.13233, 7.61638],
			"rotation": {"angle": 0, "axis": "y", "origin": [10, 8, 6.8]},
			"faces": {
				"north": {"uv": [0, 0, 1.625, 0.2], "texture": "#0"},
				"east": {"uv": [0, 0, 1.625, 0.2], "texture": "#0"},
				"south": {"uv": [0, 0, 1.625, 0.2], "texture": "#0"},
				"up": {"uv": [0, 0, 1.625, 0.2], "texture": "#0"},
				"down": {"uv": [0, 0, 1.625, 0.2], "texture": "#0"}
			}
		},
		{
			"from": [14.57155, 8.93233, 8.21638],
			"to": [14.87155, 9.13233, 8.61638],
			"rotation": {"angle": 0, "axis": "y", "origin": [10, 8, 8]},
			"faces": {
				"east": {"uv": [0, 0, 0.4, 0.2], "texture": "#0"},
				"up": {"uv": [0, 0, 0.3, 0.275], "texture": "#0"},
				"down": {"uv": [0, 0, 0.3, 0.4], "texture": "#0"}
			}
		},
		{
			"from": [14.57155, 7.13233, 8.21638],
			"to": [14.87155, 7.33233, 8.61638],
			"rotation": {"angle": 0, "axis": "y", "origin": [10, 8, 8]},
			"faces": {
				"east": {"uv": [0, 0, 0.4, 0.2], "texture": "#0"},
				"up": {"uv": [0, 0, 0.3, 0.4], "texture": "#0"},
				"down": {"uv": [0, 0, 0.3, 0.275], "texture": "#0"}
			}
		},
		{
			"from": [14.57155, 7.73233, 8.21638],
			"to": [14.87155, 7.93233, 8.61638],
			"rotation": {"angle": 0, "axis": "y", "origin": [10, 8, 8]},
			"faces": {
				"east": {"uv": [0, 0, 0.4, 0.2], "texture": "#0"},
				"up": {"uv": [0, 0, 0.3, 0.4], "texture": "#0"},
				"down": {"uv": [0, 0, 0.3, 0.4], "texture": "#0"}
			}
		},
		{
			"from": [14.57155, 8.33233, 8.21638],
			"to": [14.87155, 8.53233, 8.61638],
			"rotation": {"angle": 0, "axis": "y", "origin": [10, 8, 8]},
			"faces": {
				"east": {"uv": [0, 0, 0.4, 0.2], "texture": "#0"},
				"up": {"uv": [0, 0, 0.3, 0.4], "texture": "#0"},
				"down": {"uv": [0, 0, 0.3, 0.4], "texture": "#0"}
			}
		},
		{
			"from": [14.57155, 8.93233, 7.61638],
			"to": [14.87155, 9.13233, 8.01638],
			"rotation": {"angle": 0, "axis": "y", "origin": [10, 8, 8]},
			"faces": {
				"east": {"uv": [0, 0, 0.4, 0.2], "texture": "#0"},
				"up": {"uv": [0, 0, 0.3, 0.15], "texture": "#0"},
				"down": {"uv": [0, 0, 0.3, 0.4], "texture": "#0"}
			}
		},
		{
			"from": [14.57155, 7.13233, 7.61638],
			"to": [14.87155, 7.33233, 8.01638],
			"rotation": {"angle": 0, "axis": "y", "origin": [10, 8, 8]},
			"faces": {
				"east": {"uv": [0, 0, 0.4, 0.2], "texture": "#0"},
				"up": {"uv": [0, 0, 0.3, 0.4], "texture": "#0"},
				"down": {"uv": [0, 0, 0.3, 0.275], "texture": "#0"}
			}
		},
		{
			"from": [14.57155, 7.73233, 7.61638],
			"to": [14.87155, 7.93233, 8.01638],
			"rotation": {"angle": 0, "axis": "y", "origin": [10, 8, 8]},
			"faces": {
				"east": {"uv": [0, 0, 0.4, 0.2], "texture": "#0"},
				"up": {"uv": [0, 0, 0.3, 0.4], "texture": "#0"},
				"down": {"uv": [0, 0, 0.3, 0.4], "texture": "#0"}
			}
		},
		{
			"from": [14.57155, 8.33233, 7.61638],
			"to": [14.87155, 8.53233, 8.01638],
			"rotation": {"angle": 0, "axis": "y", "origin": [10, 8, 8]},
			"faces": {
				"east": {"uv": [0, 0, 0.4, 0.2], "texture": "#0"},
				"up": {"uv": [0, 0, 0.3, 0.4], "texture": "#0"},
				"down": {"uv": [0, 0, 0.3, 0.4], "texture": "#0"}
			}
		},
		{
			"from": [6.77155, 6.93233, 7.51638],
			"to": [12.57155, 7.53233, 8.71638],
			"rotation": {"angle": 0, "axis": "y", "origin": [10, 8, 8]},
			"faces": {
				"north": {"uv": [11, 12.625, 0, 13.85], "texture": "#0"},
				"east": {"uv": [0, 0, 1.2, 0.6], "texture": "#0"},
				"south": {"uv": [11, 13.85, 0, 12.625], "rotation": 180, "texture": "#0"},
				"up": {"uv": [7.375, 5.25, 14.775, 5.45], "texture": "#0"},
				"down": {"uv": [1.875, 9, 3.275, 9.075], "texture": "#0"}
			}
		},
		{
			"from": [2.57155, 6.93233, 7.51638],
			"to": [6.77155, 7.53233, 8.71638],
			"rotation": {"angle": 0, "axis": "y", "origin": [10, 8, 8]},
			"faces": {
				"north": {"uv": [11.875, 4.625, 12.125, 4.725], "texture": "#0"},
				"south": {"uv": [11.875, 4.625, 12.125, 4.725], "texture": "#0"},
				"west": {"uv": [7.875, 12.875, 9.075, 13.475], "texture": "#0"},
				"up": {"uv": [7.75, 5.25, 8.025, 5.375], "texture": "#0"},
				"down": {"uv": [1.875, 9, 3.275, 9.075], "texture": "#0"}
			}
		},
		{
			"from": [3.27155, 6.73233, 7.41638],
			"to": [10.47155, 7.33233, 8.81638],
			"rotation": {"angle": 0, "axis": "y", "origin": [10, 8, 8]},
			"faces": {
				"north": {"uv": [0, 0, 1.575, 0.6], "texture": "#0"},
				"east": {"uv": [0, 0, 1.6, 0.6], "texture": "#0"},
				"south": {"uv": [0, 0, 1.575, 0.6], "texture": "#0"},
				"west": {"uv": [0, 0, 1.6, 0.6], "texture": "#0"},
				"up": {"uv": [0.125, 1.625, 0.325, 1.725], "texture": "#0"},
				"down": {"uv": [8.375, 1.25, 9.2, 1.35], "texture": "#0"}
			}
		},
		{
			"from": [3.67155, 6.63233, 7.31638],
			"to": [9.77155, 7.13233, 8.91638],
			"rotation": {"angle": 0, "axis": "y", "origin": [10, 8, 8]},
			"faces": {
				"north": {"uv": [0.625, 13.625, 2.45, 13.725], "texture": "#0"},
				"east": {"uv": [0.625, 13.625, 2.45, 13.725], "texture": "#0"},
				"south": {"uv": [0.625, 13.625, 2.45, 13.725], "texture": "#0"},
				"west": {"uv": [0.625, 13.625, 2.45, 13.725], "texture": "#0"},
				"up": {"uv": [0.625, 13.625, 2.45, 13.725], "texture": "#0"},
				"down": {"uv": [0.625, 13.625, 2.45, 13.725], "texture": "#0"}
			}
		},
		{
			"from": [4.37155, 6.53233, 7.11638],
			"to": [8.57155, 6.93233, 9.11638],
			"rotation": {"angle": 0, "axis": "y", "origin": [10, 8, 8]},
			"faces": {
				"north": {"uv": [6.875, 5.75, 6.875, 5.75], "texture": "#0"},
				"east": {"uv": [6.875, 5.75, 6.875, 5.75], "texture": "#0"},
				"south": {"uv": [6.875, 5.75, 6.875, 5.75], "texture": "#0"},
				"west": {"uv": [6.875, 5.75, 6.875, 5.75], "texture": "#0"},
				"up": {"uv": [6.875, 5.75, 6.875, 5.75], "texture": "#0"},
				"down": {"uv": [6.875, 5.75, 6.875, 5.75], "texture": "#0"}
			}
		},
		{
			"from": [7.57062, 5.66972, 7.91638],
			"to": [7.77062, 6.81972, 8.29138],
			"rotation": {"angle": -22.5, "axis": "z", "origin": [7.77062, 6.06972, 8.10388]},
			"faces": {
				"north": {"uv": [7.25, 15.25, 9.75, 15.75], "rotation": 90, "texture": "#0"},
				"east": {"uv": [7.25, 15.25, 9.75, 15.75], "rotation": 90, "texture": "#0"},
				"south": {"uv": [7.25, 15.25, 9.75, 15.75], "rotation": 90, "texture": "#0"},
				"west": {"uv": [7.25, 15.25, 9.75, 15.75], "rotation": 90, "texture": "#0"},
				"down": {"uv": [7.25, 15.25, 9.75, 15.75], "rotation": 90, "texture": "#0"}
			}
		},
		{
			"from": [6.77062, 6.11972, 7.91638],
			"to": [6.89562, 7.31972, 8.29138],
			"rotation": {"angle": 0, "axis": "z", "origin": [6.77062, 6.56972, 8.10388]},
			"faces": {
				"north": {"uv": [7.75, 13, 10.25, 13.5], "rotation": 90, "texture": "#0"},
				"east": {"uv": [7.75, 13, 10.25, 13.5], "rotation": 90, "texture": "#0"},
				"south": {"uv": [7.75, 13, 10.25, 13.5], "rotation": 90, "texture": "#0"},
				"west": {"uv": [7.75, 13, 10.25, 13.5], "rotation": 90, "texture": "#0"},
				"down": {"uv": [7.75, 13, 10.25, 13.5], "rotation": 90, "texture": "#0"}
			}
		},
		{
			"from": [5.47062, 5.09472, 7.91638],
			"to": [6.27062, 6.81972, 8.29138],
			"rotation": {"angle": -22.5, "axis": "z", "origin": [6.07062, 6.06972, 8.10388]},
			"faces": {
				"north": {"uv": [13.25, 14.75, 13.375, 15.75], "rotation": 90, "texture": "#0"},
				"east": {"uv": [13.25, 14.75, 13.375, 15.75], "rotation": 90, "texture": "#0"},
				"south": {"uv": [13.25, 14.75, 13.375, 15.75], "rotation": 90, "texture": "#0"},
				"west": {"uv": [13.25, 14.75, 13.375, 15.75], "rotation": 90, "texture": "#0"},
				"down": {"uv": [13.25, 14.75, 13.375, 15.75], "rotation": 90, "texture": "#0"}
			}
		},
		{
			"from": [5.89562, 5.71972, 7.89138],
			"to": [7.59562, 5.94472, 8.31638],
			"rotation": {"angle": 0, "axis": "z", "origin": [6.64562, 5.74472, 8.10388]},
			"faces": {
				"north": {"uv": [9.875, 15.375, 12.375, 15.875], "rotation": 180, "texture": "#0"},
				"east": {"uv": [9.875, 15.375, 12.375, 15.875], "rotation": 180, "texture": "#0"},
				"south": {"uv": [9.875, 15.375, 12.375, 15.875], "rotation": 180, "texture": "#0"},
				"west": {"uv": [9.875, 15.375, 12.375, 15.875], "rotation": 180, "texture": "#0"},
				"up": {"uv": [9.875, 15.375, 12.375, 15.875], "rotation": 180, "texture": "#0"},
				"down": {"uv": [9.875, 15.375, 12.375, 15.875], "rotation": 180, "texture": "#0"}
			}
		},
		{
			"from": [9.27155, 8.03233, 7.56638],
			"to": [11.27155, 9.28233, 8.66638],
			"rotation": {"angle": 0, "axis": "y", "origin": [10, 8, 8]},
			"faces": {
				"north": {"uv": [11.75, 0.75, 16, 3.5], "texture": "#0"},
				"east": {"uv": [4, 9, 5.625, 10.125], "texture": "#0"},
				"south": {"uv": [16, 0.75, 11.75, 3.5], "texture": "#0"},
				"up": {"uv": [6.875, 7.5, 3.75, 8.375], "texture": "#0"},
				"down": {"uv": [11.75, 0.75, 16, 3.5], "texture": "#0"}
			}
		},
		{
			"from": [5.77155, 8.03233, 7.56638],
			"to": [9.27155, 9.28233, 8.66638],
			"faces": {
				"north": {"uv": [0, 8.75, 9, 11.5], "texture": "#0"},
				"south": {"uv": [9, 8.75, 0, 11.5], "texture": "#0"},
				"west": {"uv": [0, 8.75, 9, 11.5], "texture": "#0"},
				"up": {"uv": [10, 7.5, 4.75, 8.375], "texture": "#0"},
				"down": {"uv": [0, 9.25, 9, 11.5], "texture": "#0"}
			}
		},
		{
			"from": [5.84655, 9.28233, 8.34138],
			"to": [11.19655, 9.53233, 8.51638],
			"rotation": {"angle": 0, "axis": "y", "origin": [10.1, 8, 8.7]},
			"faces": {
				"north": {"uv": [11.375, 14.75, 12.375, 15.75], "texture": "#0"},
				"east": {"uv": [11.375, 14.75, 12.375, 15.75], "texture": "#0"},
				"south": {"uv": [11.375, 14.75, 12.375, 15.75], "texture": "#0"},
				"west": {"uv": [11.375, 14.75, 12.375, 15.75], "texture": "#0"},
				"up": {"uv": [11.375, 14.75, 12.375, 15.75], "texture": "#0"}
			}
		},
		{
			"from": [5.84655, 9.28233, 7.71638],
			"to": [11.19655, 9.53233, 7.89138],
			"rotation": {"angle": 0, "axis": "y", "origin": [10.1, 8, 8.075]},
			"faces": {
				"north": {"uv": [11.375, 14.75, 12.375, 15.75], "texture": "#0"},
				"east": {"uv": [11.375, 14.75, 12.375, 15.75], "texture": "#0"},
				"south": {"uv": [11.375, 14.75, 12.375, 15.75], "texture": "#0"},
				"west": {"uv": [11.375, 14.75, 12.375, 15.75], "texture": "#0"},
				"up": {"uv": [11.375, 14.75, 12.375, 15.75], "texture": "#0"}
			}
		},
		{
			"from": [0.09655, 8.28233, 7.59138],
			"to": [4.77155, 9.28233, 8.69138],
			"rotation": {"angle": 0, "axis": "y", "origin": [10, 8, 8]},
			"faces": {
				"north": {"uv": [10.075, 1.25, 0.75, 3], "texture": "#0"},
				"east": {"uv": [13.5, 1, 14.725, 1.375], "texture": "#0"},
				"south": {"uv": [0.75, 1.25, 10.075, 3], "texture": "#0"},
				"west": {"uv": [3.5, 14.625, 4.6, 15.375], "rotation": 90, "texture": "#0"},
				"up": {"uv": [13.824, 7.5, 12.25, 8.475], "texture": "#0"},
				"down": {"uv": [8.5, 4.75, 13.2, 4.975], "texture": "#0"}
			}
		},
		{
			"from": [0.07155, 7.60733, 7.59138],
			"to": [0.79655, 8.28233, 8.69138],
			"rotation": {"angle": 0, "axis": "y", "origin": [10, 8, 8.025]},
			"faces": {
				"north": {"uv": [2.199, 3.375, 1.375, 4.25], "texture": "#0"},
				"east": {"uv": [1.824, 3.375, 1.375, 3.875], "texture": "#0"},
				"south": {"uv": [2.199, 3.375, 1.375, 4.25], "texture": "#0"},
				"west": {"uv": [3.975, 14.575, 2.75, 15.45], "rotation": 90, "texture": "#0"},
				"up": {"uv": [1.824, 3.375, 1.375, 3.875], "texture": "#0"},
				"down": {"uv": [1.824, 3.375, 1.375, 3.875], "texture": "#0"}
			}
		},
		{
			"from": [0.79655, 7.80733, 7.59138],
			"to": [0.99655, 8.28233, 8.66638],
			"rotation": {"angle": 0, "axis": "y", "origin": [10, 8, 8]},
			"faces": {
				"north": {"uv": [2.824, 3.25, 2.375, 3.75], "texture": "#0"},
				"east": {"uv": [1.824, 3.375, 1.375, 3.875], "texture": "#0"},
				"south": {"uv": [2.375, 3.25, 2.824, 3.75], "texture": "#0"},
				"down": {"uv": [1.824, 3.375, 1.375, 3.875], "texture": "#0"}
			}
		},
		{
			"from": [0.07155, 8.78233, 7.36638],
			"to": [2.62155, 9.48233, 8.86638],
			"rotation": {"angle": 0, "axis": "y", "origin": [10, 8, 8]},
			"faces": {
				"north": {"uv": [0.5, 0.75, 5.8, 2.075], "texture": "#0"},
				"east": {"uv": [13.05, 7.4, 14.175, 8.599], "rotation": 90, "texture": "#0"},
				"south": {"uv": [5.8, 0.75, 0.5, 2.075], "texture": "#0"},
				"west": {"uv": [4, 14.5, 5.375, 15.45], "rotation": 270, "texture": "#0"},
				"up": {"uv": [15.925, 7.375, 13.25, 8.625], "texture": "#0"},
				"down": {"uv": [13.125, 1.5, 15.925, 3], "texture": "#0"}
			}
		},
		{
			"from": [0.07155, 9.48233, 7.66638],
			"to": [1.47155, 9.68233, 8.56638],
			"rotation": {"angle": 0, "axis": "y", "origin": [10, 8, 8]},
			"faces": {
				"north": {"uv": [0, 0, 1.6, 0.2], "texture": "#0"},
				"east": {"uv": [0, 0, 1.1, 0.2], "texture": "#0"},
				"south": {"uv": [0, 0, 1.6, 0.2], "texture": "#0"},
				"west": {"uv": [0, 0, 1.1, 0.2], "texture": "#0"},
				"up": {"uv": [14.75, 7.625, 15.975, 8.35], "texture": "#0"}
			}
		},
		{
			"from": [0.07155, 6.98233, 7.46638],
			"to": [2.57155, 7.28233, 8.76638],
			"rotation": {"angle": 0, "axis": "y", "origin": [10, 8, 8]},
			"faces": {
				"north": {"uv": [0, 5.3, 4.875, 5.125], "rotation": 180, "texture": "#0"},
				"east": {"uv": [0, 0, 1.3, 0.3], "texture": "#0"},
				"south": {"uv": [0, 5.3, 4.875, 5.125], "rotation": 180, "texture": "#0"},
				"west": {"uv": [0, 0, 1.3, 0.3], "texture": "#0"},
				"up": {"uv": [1.5, 3.5, 1.625, 3.75], "texture": "#0"},
				"down": {"uv": [1.125, 3.375, 1.5, 3.425], "texture": "#0"}
			}
		},
		{
			"from": [0.07155, 6.38233, 7.46638],
			"to": [2.57155, 6.98233, 7.76638],
			"rotation": {"angle": 0, "axis": "y", "origin": [10, 8, 8]},
			"faces": {
				"north": {"uv": [0, 5.875, 5.125, 6.725], "texture": "#0"},
				"east": {"uv": [0, 0, 0.55, 0.225], "texture": "#0"},
				"south": {"uv": [0, 0, 1.375, 0.35], "texture": "#0"},
				"west": {"uv": [0, 0, 0.55, 0.225], "texture": "#0"},
				"down": {"uv": [0, 0, 2.5, 0.3], "texture": "#0"}
			}
		},
		{
			"from": [0.07155, 6.38233, 8.45862],
			"to": [2.57155, 6.98233, 8.75862],
			"rotation": {"angle": 0, "axis": "y", "origin": [10, 8, 8.225]},
			"faces": {
				"north": {"uv": [1.375, 0, 0, 0.35], "texture": "#0"},
				"east": {"uv": [0.55, 0, 0, 0.225], "texture": "#0"},
				"south": {"uv": [5.125, 5.875, 0, 6.725], "texture": "#0"},
				"west": {"uv": [0.55, 0, 0, 0.225], "texture": "#0"},
				"down": {"uv": [0, 0.3, 2.5, 0], "texture": "#0"}
			}
		},
		{
			"from": [0.37155, 6.18233, 7.46638],
			"to": [2.27155, 6.38233, 7.76638],
			"rotation": {"angle": 0, "axis": "y", "origin": [10, 8, 8]},
			"faces": {
				"north": {"uv": [1.375, 7, 3.475, 7.2], "texture": "#0"},
				"east": {"uv": [0, 0, 0.3, 0.2], "texture": "#0"},
				"south": {"uv": [0.25, 2.625, 0.725, 2.625], "texture": "#0"},
				"west": {"uv": [0, 0, 0.3, 0.2], "texture": "#0"},
				"down": {"uv": [0, 0, 1.225, 0.175], "texture": "#0"}
			}
		},
		{
			"from": [0.37155, 6.18233, 8.45862],
			"to": [2.27155, 6.38233, 8.75862],
			"rotation": {"angle": 0, "axis": "y", "origin": [10, 8, 8.225]},
			"faces": {
				"north": {"uv": [0.725, 2.625, 0.25, 2.625], "texture": "#0"},
				"east": {"uv": [0.3, 0, 0, 0.2], "texture": "#0"},
				"south": {"uv": [3.475, 7, 1.375, 7.2], "texture": "#0"},
				"west": {"uv": [0.3, 0, 0, 0.2], "texture": "#0"},
				"down": {"uv": [0, 0.175, 1.225, 0], "texture": "#0"}
			}
		}
	],
	"display": {
		"thirdperson_righthand": {
			"rotation": [-48.25, 90, 56],
			"translation": [-0.25, 2.25, -1.25],
			"scale": [1.22, 1.22, 1.22]
		},
		"thirdperson_lefthand": {
			"rotation": [11, 269, 363.5],
			"translation": [-0.25, 2.25, -1.25],
			"scale": [1.22, 1.22, 1.22]
		},
		"firstperson_righthand": {
			"rotation": [11, 102.75, 0],
			"translation": [-1.5, 3, 1.5],
			"scale": [1.74, 1.74, 1.74]
		},
		"firstperson_lefthand": {
			"rotation": [11, -82, 0],
			"translation": [-1.75, 3, 3],
			"scale": [1.74, 1.74, 1.74]
		},
		"ground": {
			"scale": [1.72, 1.72, 1.72]
		},
		"gui": {
			"rotation": [-3, -131, 25],
			"translation": [-0.5, 1, 0],
			"scale": [1.8, 1.8, 1.8]
		},
		"fixed": {
			"rotation": [0, 0, 90],
			"translation": [0, 2.25, -4.5],
			"scale": [3.2, 3.2, 3.2]
		}
	}
}