{
	"credit": "Made with Blockbench",
	"parent": "block/block",
	"textures": {
		"0": "block/beehive_end",
		"1": "block/beehive_front",
		"2": "block/beehive_side",
		"3": "block/honey_detector_0",
		"particle": "block/beehive_end"
	},
	"elements": [
		{
			"from": [0, 0, 0],
			"to": [1, 3.8, 16],
			"faces": {
				"north": {"uv": [0, 12, 1, 16], "texture": "#2"},
				"east": {"uv": [0, 12, 16, 16], "texture": "#2"},
				"south": {"uv": [15, 12, 16, 16], "texture": "#2"},
				"west": {"uv": [0, 12, 16, 16], "texture": "#2"},
				"up": {"uv": [0, 12, 16, 13], "rotation": 90, "texture": "#2"},
				"down": {"uv": [0, 15, 16, 16], "rotation": 270, "texture": "#2"}
			}
		},
		{
			"from": [1, 1.25, 0],
			"to": [15, 3.8, 1],
			"faces": {
				"north": {"uv": [1, 12, 15, 15], "texture": "#1"},
				"up": {"uv": [1, 12, 15, 13], "rotation": 180, "texture": "#2"},
				"down": {"uv": [1, 15, 15, 16], "rotation": 180, "texture": "#2"}
			}
		},
		{
			"from": [1, 0, -1],
			"to": [15, 1, 1],
			"faces": {
				"north": {"uv": [1, 15, 15, 16], "texture": "#1"},
				"east": {"uv": [0, 15, 1, 16], "texture": "#1"},
				"west": {"uv": [15, 15, 16, 16], "texture": "#1"},
				"up": {"uv": [1, 14, 15, 16], "rotation": 180, "texture": "#2"},
				"down": {"uv": [1, 15, 15, 16], "rotation": 180, "texture": "#2"}
			}
		},
		{
			"from": [10, 4, 0],
			"to": [15, 7.8, 1],
			"rotation": {"angle": 0, "axis": "y", "origin": [8, 12, 8]},
			"faces": {
				"north": {"uv": [1, 8, 6, 12], "texture": "#1"},
				"east": {"uv": [0, 12, 1, 16], "texture": "#2"},
				"west": {"uv": [15, 12, 16, 16], "texture": "#2"},
				"up": {"uv": [1, 12, 6, 13], "rotation": 180, "texture": "#2"},
				"down": {"uv": [1, 15, 6, 16], "rotation": 180, "texture": "#2"}
			}
		},
		{
			"from": [1, 4, 0],
			"to": [6, 7.8, 1],
			"rotation": {"angle": 0, "axis": "y", "origin": [-1, 12, 8]},
			"faces": {
				"north": {"uv": [10, 8, 15, 12], "texture": "#1"},
				"east": {"uv": [0, 12, 1, 16], "texture": "#2"},
				"west": {"uv": [15, 12, 16, 16], "texture": "#2"},
				"up": {"uv": [1, 12, 6, 13], "rotation": 180, "texture": "#2"},
				"down": {"uv": [1, 15, 6, 16], "rotation": 180, "texture": "#2"}
			}
		},
		{
			"from": [6, 6, 0],
			"to": [10, 7.8, 1],
			"rotation": {"angle": 0, "axis": "y", "origin": [3, 12, 8]},
			"faces": {
				"north": {"uv": [6, 8, 10, 10], "texture": "#1"},
				"up": {"uv": [6, 12, 10, 13], "rotation": 180, "texture": "#2"},
				"down": {"uv": [6, 15, 10, 16], "rotation": 180, "texture": "#2"}
			}
		},
		{
			"from": [6.025, 4, -1],
			"to": [9.95, 4.925, 1],
			"rotation": {"angle": 0, "axis": "y", "origin": [3, 10.125, 8]},
			"faces": {
				"north": {"uv": [6, 8, 10, 9], "texture": "#1"},
				"east": {"uv": [9, 8, 10, 10], "rotation": 90, "texture": "#1"},
				"west": {"uv": [9, 8, 10, 10], "rotation": 90, "texture": "#1"},
				"up": {"uv": [6, 8, 10, 10], "texture": "#1"},
				"down": {"uv": [6, 8, 10, 10], "texture": "#1"}
			}
		},
		{
			"from": [1, 8, 0],
			"to": [15, 11.8, 1],
			"rotation": {"angle": 0, "axis": "y", "origin": [8, 16, 8]},
			"faces": {
				"north": {"uv": [1, 4, 15, 8], "texture": "#1"},
				"up": {"uv": [1, 12, 15, 13], "rotation": 180, "texture": "#2"},
				"down": {"uv": [1, 15, 15, 16], "rotation": 180, "texture": "#2"}
			}
		},
		{
			"from": [15, 0, 0],
			"to": [16, 3.8, 16],
			"rotation": {"angle": 0, "axis": "y", "origin": [23, 8, 8]},
			"faces": {
				"north": {"uv": [0, 12, 1, 16], "texture": "#2"},
				"east": {"uv": [0, 12, 16, 16], "texture": "#2"},
				"south": {"uv": [15, 12, 16, 16], "texture": "#2"},
				"west": {"uv": [0, 12, 16, 16], "texture": "#2"},
				"up": {"uv": [0, 12, 16, 13], "rotation": 90, "texture": "#2"},
				"down": {"uv": [0, 15, 16, 16], "rotation": 270, "texture": "#2"}
			}
		},
		{
			"from": [1, 0, 15],
			"to": [15, 3.525, 16],
			"rotation": {"angle": 0, "axis": "y", "origin": [8, 8, 23]},
			"faces": {
				"south": {"uv": [1, 12, 15, 16], "texture": "#2"},
				"up": {"uv": [0, 12, 16, 13], "rotation": 180, "texture": "#2"},
				"down": {"uv": [0, 15, 16, 16], "rotation": 180, "texture": "#2"}
			}
		},
		{
			"from": [0, 4, 0],
			"to": [1, 7.75, 16],
			"rotation": {"angle": 0, "axis": "y", "origin": [8, 12, 8]},
			"faces": {
				"north": {"uv": [0, 8, 1, 12], "texture": "#2"},
				"south": {"uv": [15, 8, 16, 12], "texture": "#2"},
				"west": {"uv": [0, 8, 16, 12], "texture": "#2"},
				"up": {"uv": [0, 8, 16, 9], "rotation": 90, "texture": "#2"},
				"down": {"uv": [0, 12, 16, 13], "rotation": 270, "texture": "#2"}
			}
		},
		{
			"from": [15, 4, 0],
			"to": [16, 7.75, 16],
			"rotation": {"angle": 0, "axis": "y", "origin": [23, 12, 8]},
			"faces": {
				"north": {"uv": [0, 8, 1, 12], "texture": "#2"},
				"east": {"uv": [0, 8, 16, 12], "texture": "#2"},
				"south": {"uv": [15, 8, 16, 12], "texture": "#2"},
				"up": {"uv": [0, 8, 16, 9], "rotation": 90, "texture": "#2"},
				"down": {"uv": [0, 12, 16, 13], "rotation": 270, "texture": "#2"}
			}
		},
		{
			"from": [1, 3.725, 15],
			"to": [15, 8.15, 16],
			"rotation": {"angle": 0, "axis": "y", "origin": [8, 8, 23]},
			"faces": {
				"east": {"uv": [0, 8, 1, 12], "texture": "#2"},
				"south": {"uv": [1, 8, 15, 12], "texture": "#2"},
				"west": {"uv": [15, 8, 16, 12], "texture": "#2"},
				"up": {"uv": [0, 8, 16, 9], "rotation": 180, "texture": "#2"},
				"down": {"uv": [0, 12, 16, 13], "rotation": 180, "texture": "#2"}
			}
		},
		{
			"from": [0, 8, 0],
			"to": [1, 11.925, 16],
			"rotation": {"angle": 0, "axis": "y", "origin": [8, 16, 8]},
			"faces": {
				"north": {"uv": [0, 4, 1, 8], "texture": "#2"},
				"east": {"uv": [0, 4, 16, 8], "texture": "#2"},
				"south": {"uv": [15, 4, 16, 8], "texture": "#2"},
				"west": {"uv": [0, 4, 16, 8], "texture": "#1"},
				"up": {"uv": [0, 4, 16, 5], "rotation": 90, "texture": "#2"},
				"down": {"uv": [0, 4, 16, 5], "rotation": 270, "texture": "#2"}
			}
		},
		{
			"from": [15, 8, 0],
			"to": [16, 11.975, 16],
			"rotation": {"angle": 0, "axis": "y", "origin": [23, 16, 8]},
			"faces": {
				"north": {"uv": [0, 4, 1, 8], "texture": "#2"},
				"east": {"uv": [0, 4, 16, 8], "texture": "#1"},
				"south": {"uv": [15, 4, 16, 8], "texture": "#2"},
				"west": {"uv": [0, 4, 16, 8], "texture": "#2"},
				"up": {"uv": [0, 4, 16, 5], "rotation": 90, "texture": "#2"},
				"down": {"uv": [0, 4, 16, 5], "rotation": 270, "texture": "#2"}
			}
		},
		{
			"from": [1, 8.25, 15],
			"to": [15, 11.925, 16],
			"rotation": {"angle": 0, "axis": "y", "origin": [8, 8, 23]},
			"faces": {
				"south": {"uv": [1, 4, 15, 8], "texture": "#1"},
				"up": {"uv": [0, 4, 16, 5], "rotation": 180, "texture": "#2"},
				"down": {"uv": [0, 4, 16, 5], "rotation": 180, "texture": "#2"}
			}
		},
		{
			"name": "roof",
			"from": [-1, 12, -1],
			"to": [17, 15.95, 17],
			"rotation": {"angle": 0, "axis": "y", "origin": [8, 20, 8]},
			"faces": {
				"north": {"uv": [0, 0, 16, 4], "texture": "#2"},
				"east": {"uv": [0, 0, 16, 4], "texture": "#2"},
				"south": {"uv": [0, 0, 16, 4], "texture": "#2"},
				"west": {"uv": [0, 0, 16, 4], "texture": "#2"},
				"up": {"uv": [0, 0, 16, 16], "rotation": 90, "texture": "#0"},
				"down": {"uv": [0, 0, 16, 16], "rotation": 90, "texture": "#0"}
			}
		},
		{
			"name": "roof_small",
			"from": [0, 13, 0],
			"to": [16, 16, 16],
			"rotation": {"angle": 0, "axis": "y", "origin": [8, 20, 8]},
			"faces": {
				"north": {"uv": [0, 0, 16, 4], "texture": "#2"},
				"east": {"uv": [0, 0, 16, 4], "texture": "#2"},
				"south": {"uv": [0, 0, 16, 4], "texture": "#2"},
				"west": {"uv": [0, 0, 16, 4], "texture": "#2"},
				"up": {"uv": [1, 1, 15, 15], "rotation": 90, "texture": "#0"}
			}
		},
		{
			"from": [1, 0, 1],
			"to": [15, 14, 15],
			"rotation": {"angle": 0, "axis": "y", "origin": [9, 8, 9]},
			"faces": {
				"north": {"uv": [1, 2, 15, 16], "texture": "#1"},
				"east": {"uv": [1, 1, 15, 15], "texture": "#0"},
				"south": {"uv": [1, 1, 15, 15], "texture": "#0"},
				"west": {"uv": [1, 1, 15, 15], "texture": "#0"},
				"down": {"uv": [1, 1, 15, 15], "texture": "#0"}
			}
		},
		{
			"name": "honeymeter",
			"from": [5.9, 10.975, -0.975],
			"to": [6.25, 12.025, 0.075],
			"rotation": {"angle": 0, "axis": "z", "origin": [8, 11.5, -0.45]},
			"faces": {
				"north": {"uv": [8, 2, 12, 6], "rotation": 90, "texture": "#3"},
				"east": {"uv": [8, 2, 12, 6], "rotation": 270, "texture": "#3"},
				"south": {"uv": [8, 2, 12, 6], "rotation": 270, "texture": "#3"},
				"west": {"uv": [8, 2, 12, 6], "rotation": 270, "texture": "#3"},
				"down": {"uv": [8, 2, 12, 6], "rotation": 270, "texture": "#3"}
			}
		},
		{
			"name": "honeymeter",
			"from": [9.75, 10.975, -0.975],
			"to": [10.1, 12.025, 0.075],
			"rotation": {"angle": 0, "axis": "z", "origin": [8, 11.5, -0.45]},
			"faces": {
				"north": {"uv": [8, 2, 12, 6], "rotation": 90, "texture": "#3"},
				"east": {"uv": [8, 2, 12, 6], "rotation": 270, "texture": "#3"},
				"south": {"uv": [8, 2, 12, 6], "rotation": 270, "texture": "#3"},
				"west": {"uv": [8, 2, 12, 6], "rotation": 270, "texture": "#3"},
				"down": {"uv": [8, 2, 12, 6], "rotation": 270, "texture": "#3"}
			}
		},
		{
			"name": "honeymeter",
			"from": [6.25, 11.15, -0.8],
			"to": [9.75, 11.85, -0.1],
			"shade": false,
			"rotation": {"angle": 0, "axis": "z", "origin": [8, 11.5, -0.45]},
			"faces": {
				"north": {"uv": [0, 6, 2, 16], "rotation": 90, "texture": "#3"},
				"south": {"uv": [4, 6, 6, 16], "rotation": 270, "texture": "#3"},
				"up": {"uv": [2, 6, 4, 16], "rotation": 270, "texture": "#3"},
				"down": {"uv": [2, 6, 4, 16], "rotation": 270, "texture": "#3"}
			}
		}
	],
	"groups": [0, 1, 2, 3, 4, 5, 6, 7, 8, 9, 10, 11, 12, 13, 14, 15, 16, 17, 18,
		{
			"name": "honeymeter",
			"origin": [18.25, 12.2, 4.7],
			"children": [19, 20, 21]
		}
	]
}