{
	"credit": "Made with Blockbench",
	"parent": "block/orientable",
	"textures": {
		"3": "block/campfire_fire",
		"top": "block/blast_furnace_top",
		"particle": "block/blast_furnace_front",
		"front": "block/blast_furnace_front",
		"side": "block/blast_furnace_side"
	},
	"elements": [
		{
			"from": [0, 0, 0],
			"to": [16, 1, 16],
			"faces": {
				"north": {"uv": [0, 15, 16, 16], "texture": "#front"},
				"east": {"uv": [0, 15, 16, 16], "texture": "#side"},
				"south": {"uv": [0, 15, 16, 16], "texture": "#side"},
				"west": {"uv": [0, 15, 16, 16], "texture": "#side"},
				"up": {"uv": [0, 0, 16, 16], "texture": "#top"},
				"down": {"uv": [0, 0, 16, 16], "texture": "#top"}
			}
		},
		{
			"from": [15, 1, 0],
			"to": [16, 15, 16],
			"rotation": {"angle": 0, "axis": "y", "origin": [8, 9, 8]},
			"faces": {
				"north": {"uv": [0, 1, 1, 15], "texture": "#front"},
				"east": {"uv": [0, 1, 16, 15], "texture": "#side"},
				"south": {"uv": [15, 1, 16, 15], "texture": "#side"},
				"west": {"uv": [0, 1, 16, 15], "texture": "#top"}
			}
		},
		{
			"from": [0, 1, 0],
			"to": [1, 15, 16],
			"rotation": {"angle": 0, "axis": "y", "origin": [-7, 9, 8]},
			"faces": {
				"north": {"uv": [0, 1, 1, 15], "texture": "#front"},
				"east": {"uv": [0, 1, 16, 15], "texture": "#top"},
				"south": {"uv": [0, 1, 1, 15], "texture": "#side"},
				"west": {"uv": [0, 1, 16, 15], "texture": "#side"}
			}
		},
		{
			"from": [1, 1, 15],
			"to": [15, 15, 16],
			"rotation": {"angle": 0, "axis": "y", "origin": [7.5, 8, 17]},
			"faces": {
				"north": {"uv": [1, 1, 15, 15], "texture": "#top"},
				"south": {"uv": [1, 1, 15, 15], "texture": "#side"}
			}
		},
		{
			"from": [1, 1, 4],
			"to": [15, 15, 5],
			"rotation": {"angle": 0, "axis": "y", "origin": [7.5, 8, 19]},
			"faces": {
				"north": {"uv": [1, 1, 15, 15], "texture": "#top"}
			}
		},
		{
			"from": [3, 2, 3],
			"to": [13, 12, 4],
			"rotation": {"angle": 0, "axis": "y", "origin": [10.5, 10, 18]},
			"faces": {
				"north": {"uv": [1, 1, 15, 15], "texture": "#3"}
			}
		},
		{
			"from": [1, 1, 0],
			"to": [15, 5, 1],
			"rotation": {"angle": 0, "axis": "y", "origin": [7.5, 8, 2]},
			"faces": {
				"north": {"uv": [1, 11, 15, 15], "texture": "#front"},
				"south": {"uv": [1, 1, 15, 15], "texture": "#front"},
				"up": {"uv": [2, 11, 16, 12], "texture": "#front"}
			}
		},
		{
			"from": [11, 5, 0],
			"to": [15, 8, 1],
			"rotation": {"angle": 0, "axis": "y", "origin": [7.5, 11, 2]},
			"faces": {
				"north": {"uv": [1, 8, 5, 11], "texture": "#front"},
				"south": {"uv": [1, 1, 15, 15], "texture": "#front"},
				"west": {"uv": [4, 8, 5, 11], "texture": "#front"}
			}
		},
		{
			"from": [10, 5, 0],
			"to": [11, 8, 0],
			"rotation": {"angle": 0, "axis": "y", "origin": [3.5, 11, 2]},
			"faces": {
				"north": {"uv": [5, 8, 6, 11], "texture": "#front"},
				"south": {"uv": [5, 8, 6, 11], "texture": "#front"}
			}
		},
		{
			"from": [8, 5, 0],
			"to": [9, 8, 0],
			"rotation": {"angle": 0, "axis": "y", "origin": [1.5, 11, 2]},
			"faces": {
				"north": {"uv": [7, 8, 8, 11], "texture": "#front"},
				"south": {"uv": [7, 8, 8, 11], "texture": "#front"}
			}
		},
		{
			"from": [6, 5, 0],
			"to": [7, 8, 0],
			"rotation": {"angle": 0, "axis": "y", "origin": [-0.5, 11, 2]},
			"faces": {
				"north": {"uv": [9, 8, 10, 11], "texture": "#front"},
				"south": {"uv": [9, 8, 10, 11], "texture": "#front"}
			}
		},
		{
			"from": [4, 5, 0],
			"to": [5, 8, 0],
			"rotation": {"angle": 0, "axis": "y", "origin": [-2.5, 11, 2]},
			"faces": {
				"north": {"uv": [11, 8, 12, 11], "texture": "#front"},
				"south": {"uv": [11, 8, 12, 11], "texture": "#front"}
			}
		},
		{
			"from": [1, 5, 0],
			"to": [4, 8, 1],
			"rotation": {"angle": 0, "axis": "y", "origin": [-1.5, 11, 2]},
			"faces": {
				"north": {"uv": [12, 8, 15, 11], "texture": "#front"},
				"east": {"uv": [11, 8, 12, 11], "texture": "#front"},
				"south": {"uv": [1, 1, 15, 15], "texture": "#front"}
			}
		},
		{
			"from": [1, 8, 0],
			"to": [15, 15, 1],
			"rotation": {"angle": 0, "axis": "y", "origin": [7.5, 20, 2]},
			"faces": {
				"north": {"uv": [1, 1, 15, 8], "texture": "#front"},
				"south": {"uv": [1, 1, 15, 15], "texture": "#front"},
				"down": {"uv": [1, 7, 15, 8], "texture": "#front"}
			}
		},
		{
			"from": [0, 15, 0],
			"to": [16, 16, 16],
			"rotation": {"angle": 0, "axis": "y", "origin": [8, 23, 8]},
			"faces": {
				"north": {"uv": [0, 0, 16, 1], "texture": "#front"},
				"east": {"uv": [0, 0, 16, 1], "texture": "#side"},
				"south": {"uv": [0, 0, 16, 1], "texture": "#side"},
				"west": {"uv": [0, 0, 16, 1], "texture": "#side"},
				"up": {"uv": [0, 0, 16, 16], "texture": "#top"},
				"down": {"uv": [0, 0, 16, 16], "texture": "#top"}
			}
		}
	]
}