{
	"credit": "Made with Blockbench",
	"parent": "block/block",
	"textures": {
		"0": "block/cake_side",
		"1": "block/cake_bottom",
		"3": "block/cake_top",
		"4": "block/cake_inner",
		"5": "block/candle_off",
		"particle": "block/candle",
		"all": "block/candle"
	},
	"elements": [
		{
			"name": "hexadecagon",
			"from": [6.60761, -0.025, 8],
			"to": [9.39239, 6.002, 15],
			"rotation": {"angle": 45, "axis": "y", "origin": [8, 0.475, 8]},
			"faces": {
				"north": {"uv": [5.06, 8.06, 8.999, 15.94], "texture": "#0"},
				"east": {"uv": [0.06, 0.06, 0.94, 0.94], "texture": "#0"},
				"south": {"uv": [6.06, 8.06, 9.999, 15.94], "texture": "#0"},
				"west": {"uv": [0.06, 0.06, 0.94, 0.94], "texture": "#0"},
				"up": {"uv": [10, 8, 12.784, 14.999], "texture": "#3"},
				"down": {"uv": [1.06, 1.06, 3.785, 14.94], "texture": "#1"}
			}
		},
		{
			"name": "hexadecagon",
			"from": [8, -0.05, 6.60761],
			"to": [15, 6, 9.39239],
			"rotation": {"angle": -22.5, "axis": "y", "origin": [8, 2.475, 8]},
			"faces": {
				"north": {"uv": [0, 0, 1, 1], "texture": "#0"},
				"east": {"uv": [5, 8, 8.999, 16], "texture": "#0"},
				"south": {"uv": [0, 0, 1, 1], "texture": "#0"},
				"west": {"uv": [7, 8, 10.999, 16], "texture": "#0"},
				"up": {"uv": [1, 1, 3.78477, 15], "rotation": 270, "texture": "#3"},
				"down": {"uv": [1, 1, 3.785, 15], "rotation": 90, "texture": "#1"}
			}
		},
		{
			"name": "hexadecagon",
			"from": [8, -0.025, 6.60761],
			"to": [15, 6.005, 9.39239],
			"rotation": {"angle": 0, "axis": "y", "origin": [8, 2.475, 8]},
			"faces": {
				"north": {"uv": [0, 0, 1, 1], "texture": "#0"},
				"east": {"uv": [4, 8, 7.999, 16], "texture": "#0"},
				"south": {"uv": [0, 0, 1, 1], "texture": "#0"},
				"west": {"uv": [7, 8, 10.998, 15.999], "texture": "#0"},
				"up": {"uv": [10, 7.999, 12.784, 1], "rotation": 270, "texture": "#3"},
				"down": {"uv": [1, 1, 3.785, 15], "rotation": 90, "texture": "#1"}
			}
		},
		{
			"name": "hexadecagon",
			"from": [1, -0.076, 6.60761],
			"to": [15, 5.994, 9.39239],
			"rotation": {"angle": 22.5, "axis": "y", "origin": [8, 2.475, 8]},
			"faces": {
				"north": {"uv": [1, 8, 14.999, 15.999], "texture": "#4"},
				"east": {"uv": [7, 8, 10.999, 16], "texture": "#0"},
				"south": {"uv": [0, 0, 1, 1], "texture": "#0"},
				"west": {"uv": [6, 8, 9.998, 16], "texture": "#0"},
				"up": {"uv": [10, 1, 12.784, 15], "rotation": 270, "texture": "#3"},
				"down": {"uv": [1, 1, 3.785, 15], "rotation": 90, "texture": "#1"}
			}
		},
		{
			"name": "hexadecagon",
			"from": [1, -0.025, 6.60761],
			"to": [15, 6, 9.39239],
			"rotation": {"angle": 45, "axis": "y", "origin": [8, 2.475, 8]},
			"faces": {
				"north": {"uv": [0, 0, 1, 1], "texture": "#0"},
				"east": {"uv": [5, 8, 8.999, 16], "texture": "#0"},
				"south": {"uv": [0, 0, 1, 1], "texture": "#0"},
				"west": {"uv": [5, 8, 8.998, 16], "texture": "#0"},
				"up": {"uv": [10, 1, 12.784, 15], "rotation": 270, "texture": "#3"},
				"down": {"uv": [1, 1, 3.785, 15], "rotation": 90, "texture": "#1"}
			}
		},
		{
			"name": "hexadecagon",
			"from": [6.60761, -0.02506, 1],
			"to": [9.39239, 5.99494, 15],
			"rotation": {"angle": -22.5, "axis": "y", "origin": [8, 2.475, 8]},
			"faces": {
				"north": {"uv": [7, 8, 10.998, 16], "texture": "#0"},
				"east": {"uv": [0, 0, 1, 1], "texture": "#0"},
				"south": {"uv": [7, 8, 10.998, 16], "texture": "#0"},
				"west": {"uv": [0, 0, 1, 1], "texture": "#0"},
				"up": {"uv": [1, 1, 3.78477, 15], "rotation": 180, "texture": "#3"},
				"down": {"uv": [1, 1, 3.785, 15], "rotation": 180, "texture": "#1"}
			}
		},
		{
			"name": "hexadecagon",
			"from": [6.60761, -0.02499, 1],
			"to": [9.39239, 5.99801, 15],
			"rotation": {"angle": 0, "axis": "y", "origin": [8, 2.475, 8]},
			"faces": {
				"north": {"uv": [6, 8, 9.999, 16], "texture": "#0"},
				"east": {"uv": [0, 0, 1, 1], "texture": "#0"},
				"south": {"uv": [5, 8, 8.999, 16], "texture": "#0"},
				"west": {"uv": [0, 0, 1, 1], "texture": "#0"},
				"up": {"uv": [3, 1, 5.785, 15], "rotation": 180, "texture": "#3"},
				"down": {"uv": [1, 1, 3.785, 15], "rotation": 180, "texture": "#1"}
			}
		},
		{
			"name": "hexadecagon",
			"from": [6.60761, -0.0252, 1],
			"to": [9.39239, 5.9798, 15],
			"rotation": {"angle": 22.5, "axis": "y", "origin": [8, 2.475, 8]},
			"faces": {
				"north": {"uv": [4, 8, 7.999, 16], "texture": "#0"},
				"east": {"uv": [0, 0, 1, 1], "texture": "#0"},
				"south": {"uv": [7, 8, 10.999, 16], "texture": "#0"},
				"west": {"uv": [1, 8, 14.999, 15.999], "texture": "#4"},
				"up": {"uv": [1, 1, 3.78477, 15], "rotation": 180, "texture": "#3"},
				"down": {"uv": [1, 1, 3.785, 15], "rotation": 180, "texture": "#1"}
			}
		},
		{
			"from": [1.25, 0, 4.425],
			"to": [2.025, 0.625, 5.175],
			"rotation": {"angle": -22.5, "axis": "y", "origin": [1.6375, 0.3125, 4.8]},
			"faces": {
				"north": {"uv": [3, 2, 3.775, 2.75], "texture": "#1"},
				"east": {"uv": [3, 2, 3.775, 2.75], "texture": "#1"},
				"south": {"uv": [5, 1, 5.775, 1.75], "texture": "#1"},
				"west": {"uv": [6, 3, 6.775, 3.75], "texture": "#1"},
				"up": {"uv": [3, 2, 3.775, 2.75], "texture": "#1"},
				"down": {"uv": [3, 2, 3.775, 2.75], "texture": "#1"}
			}
		},
		{
			"from": [1.99, -0.12006, 7.305],
			"to": [4.51, 0.71994, 8.145],
			"rotation": {"angle": 22.5, "axis": "y", "origin": [1.15, 0.29994, 7.725]},
			"faces": {
				"north": {"uv": [4, 5, 8, 11], "rotation": 90, "texture": "#5"},
				"east": {"uv": [8, 1, 12, 5], "rotation": 270, "texture": "#5"},
				"south": {"uv": [0, 5, 4, 11], "rotation": 270, "texture": "#5"},
				"west": {"uv": [4, 1, 8, 5], "rotation": 270, "texture": "#5"},
				"up": {"uv": [12, 5, 16, 11], "rotation": 270, "texture": "#5"},
				"down": {"uv": [8, 5, 12, 11], "rotation": 270, "texture": "#5"}
			}
		},
		{
			"from": [3.18, -0.06006, 3.58],
			"to": [4.02, 2.45994, 4.42],
			"rotation": {"angle": 0, "axis": "y", "origin": [3.6, 3.29994, 4]},
			"faces": {
				"north": {"uv": [4, 5, 8, 11], "texture": "#5"},
				"east": {"uv": [12, 5, 16, 11], "texture": "#5"},
				"south": {"uv": [0, 5, 4, 11], "texture": "#5"},
				"west": {"uv": [8, 5, 12, 11], "texture": "#5"},
				"up": {"uv": [4, 1, 8, 5], "texture": "#5"},
				"down": {"uv": [8, 1, 12, 5], "texture": "#5"}
			}
		},
		{
			"from": [7.505, 5.93994, 2.18],
			"to": [8.345, 8.45994, 3.02],
			"rotation": {"angle": 0, "axis": "y", "origin": [7.925, 9.29994, 2.6]},
			"faces": {
				"north": {"uv": [4, 5, 8, 11], "texture": "#all"},
				"east": {"uv": [12, 5, 16, 11], "texture": "#all"},
				"south": {"uv": [0, 5, 4, 11], "texture": "#all"},
				"west": {"uv": [8, 5, 12, 11], "texture": "#all"},
				"up": {"uv": [4, 1, 8, 5], "texture": "#all"},
				"down": {"uv": [8, 1, 12, 5], "texture": "#all"}
			}
		},
		{
			"from": [11.405, 5.93994, 4.005],
			"to": [12.245, 8.45994, 4.845],
			"rotation": {"angle": 0, "axis": "y", "origin": [11.825, 9.29994, 4.425]},
			"faces": {
				"north": {"uv": [4, 5, 8, 11], "texture": "#all"},
				"east": {"uv": [12, 5, 16, 11], "texture": "#all"},
				"south": {"uv": [0, 5, 4, 11], "texture": "#all"},
				"west": {"uv": [8, 5, 12, 11], "texture": "#all"},
				"up": {"uv": [4, 1, 8, 5], "texture": "#all"},
				"down": {"uv": [8, 1, 12, 5], "texture": "#all"}
			}
		},
		{
			"from": [13.08, 5.93994, 7.48],
			"to": [13.92, 8.45994, 8.32],
			"rotation": {"angle": 0, "axis": "y", "origin": [13.5, 9.29994, 7.9]},
			"faces": {
				"north": {"uv": [4, 5, 8, 11], "texture": "#all"},
				"east": {"uv": [12, 5, 16, 11], "texture": "#all"},
				"south": {"uv": [0, 5, 4, 11], "texture": "#all"},
				"west": {"uv": [8, 5, 12, 11], "texture": "#all"},
				"up": {"uv": [4, 1, 8, 5], "texture": "#all"},
				"down": {"uv": [8, 1, 12, 5], "texture": "#all"}
			}
		},
		{
			"from": [11.08, 5.93994, 11.08],
			"to": [11.92, 8.45994, 11.92],
			"rotation": {"angle": 0, "axis": "y", "origin": [11.5, 9.29994, 11.5]},
			"faces": {
				"north": {"uv": [4, 5, 8, 11], "texture": "#all"},
				"east": {"uv": [12, 5, 16, 11], "texture": "#all"},
				"south": {"uv": [0, 5, 4, 11], "texture": "#all"},
				"west": {"uv": [8, 5, 12, 11], "texture": "#all"},
				"up": {"uv": [4, 1, 8, 5], "texture": "#all"},
				"down": {"uv": [8, 1, 12, 5], "texture": "#all"}
			}
		},
		{
			"from": [7.555, 5.93994, 12.805],
			"to": [8.395, 8.45994, 13.645],
			"rotation": {"angle": 0, "axis": "y", "origin": [7.975, 9.29994, 13.225]},
			"faces": {
				"north": {"uv": [4, 5, 8, 11], "texture": "#all"},
				"east": {"uv": [12, 5, 16, 11], "texture": "#all"},
				"south": {"uv": [0, 5, 4, 11], "texture": "#all"},
				"west": {"uv": [8, 5, 12, 11], "texture": "#all"},
				"up": {"uv": [4, 1, 8, 5], "texture": "#all"},
				"down": {"uv": [8, 1, 12, 5], "texture": "#all"}
			}
		},
		{
			"from": [4.055, 5.93994, 11.18],
			"to": [4.895, 8.45994, 12.02],
			"rotation": {"angle": 0, "axis": "y", "origin": [4.475, 9.29994, 11.6]},
			"faces": {
				"north": {"uv": [4, 5, 8, 11], "texture": "#all"},
				"east": {"uv": [12, 5, 16, 11], "texture": "#all"},
				"south": {"uv": [0, 5, 4, 11], "texture": "#all"},
				"west": {"uv": [8, 5, 12, 11], "texture": "#all"},
				"up": {"uv": [4, 1, 8, 5], "texture": "#all"},
				"down": {"uv": [8, 1, 12, 5], "texture": "#all"}
			}
		},
		{
			"from": [7.715, 8.12394, 2.6],
			"to": [8.135, 9.59394, 2.6],
			"shade": false,
			"rotation": {"angle": 45, "axis": "y", "origin": [7.925, 9.29994, 2.6], "rescale": true},
			"faces": {
				"north": {"uv": [1, 0, 3, 5], "texture": "#all"},
				"south": {"uv": [13, 0, 15, 5], "texture": "#all"}
			}
		},
		{
			"from": [11.615, 8.12394, 4.425],
			"to": [12.035, 9.59394, 4.425],
			"shade": false,
			"rotation": {"angle": 45, "axis": "y", "origin": [11.825, 9.29994, 4.425], "rescale": true},
			"faces": {
				"north": {"uv": [1, 0, 3, 5], "texture": "#all"},
				"south": {"uv": [13, 0, 15, 5], "texture": "#all"}
			}
		},
		{
			"from": [13.29, 8.12394, 7.9],
			"to": [13.71, 9.59394, 7.9],
			"shade": false,
			"rotation": {"angle": 45, "axis": "y", "origin": [13.5, 9.29994, 7.9], "rescale": true},
			"faces": {
				"north": {"uv": [1, 0, 3, 5], "texture": "#all"},
				"south": {"uv": [13, 0, 15, 5], "texture": "#all"}
			}
		},
		{
			"from": [11.29, 8.12394, 11.5],
			"to": [11.71, 9.59394, 11.5],
			"shade": false,
			"rotation": {"angle": 45, "axis": "y", "origin": [11.5, 9.29994, 11.5], "rescale": true},
			"faces": {
				"north": {"uv": [1, 0, 3, 5], "texture": "#all"},
				"south": {"uv": [13, 0, 15, 5], "texture": "#all"}
			}
		},
		{
			"from": [7.765, 8.12394, 13.225],
			"to": [8.185, 9.59394, 13.225],
			"shade": false,
			"rotation": {"angle": 45, "axis": "y", "origin": [7.975, 9.29994, 13.225], "rescale": true},
			"faces": {
				"north": {"uv": [1, 0, 3, 5], "texture": "#all"},
				"south": {"uv": [13, 0, 15, 5], "texture": "#all"}
			}
		},
		{
			"from": [4.265, 8.12394, 11.6],
			"to": [4.685, 9.59394, 11.6],
			"shade": false,
			"rotation": {"angle": 45, "axis": "y", "origin": [4.475, 9.29994, 11.6], "rescale": true},
			"faces": {
				"north": {"uv": [1, 0, 3, 5], "texture": "#all"},
				"south": {"uv": [13, 0, 15, 5], "texture": "#all"}
			}
		},
		{
			"from": [0.856, 0.29994, 7.515],
			"to": [2.326, 0.29994, 7.935],
			"shade": false,
			"rotation": {"angle": 22.5, "axis": "y", "origin": [1.15, 0.29994, 7.725], "rescale": true},
			"faces": {
				"north": {"uv": [0, 0, 0, 0], "rotation": 90, "texture": "#5"},
				"east": {"uv": [0, 0, 0, 0], "rotation": 270, "texture": "#5"},
				"south": {"uv": [0, 0, 0, 0], "rotation": 270, "texture": "#5"},
				"west": {"uv": [0, 0, 0, 0], "rotation": 270, "texture": "#5"},
				"up": {"uv": [13, 0, 15, 5], "rotation": 270, "texture": "#5"},
				"down": {"uv": [1, 0, 3, 5], "rotation": 270, "texture": "#5"}
			}
		},
		{
			"from": [3.6, 2.12394, 3.79],
			"to": [3.6, 3.59394, 4.21],
			"shade": false,
			"rotation": {"angle": 45, "axis": "y", "origin": [3.6, 3.29994, 4], "rescale": true},
			"faces": {
				"north": {"uv": [0, 0, 0, 0], "texture": "#5"},
				"east": {"uv": [13, 0, 15, 5], "texture": "#5"},
				"south": {"uv": [0, 0, 0, 0], "texture": "#5"},
				"west": {"uv": [1, 0, 3, 5], "texture": "#5"},
				"up": {"uv": [0, 0, 0, 0], "texture": "#5"},
				"down": {"uv": [0, 0, 0, 0], "texture": "#5"}
			}
		},
		{
			"from": [7.925, 8.12394, 2.39],
			"to": [7.925, 9.59394, 2.81],
			"shade": false,
			"rotation": {"angle": 45, "axis": "y", "origin": [7.925, 9.29994, 2.6], "rescale": true},
			"faces": {
				"east": {"uv": [13, 0, 15, 5], "texture": "#all"},
				"west": {"uv": [1, 0, 3, 5], "texture": "#all"}
			}
		},
		{
			"from": [11.825, 8.12394, 4.215],
			"to": [11.825, 9.59394, 4.635],
			"shade": false,
			"rotation": {"angle": 45, "axis": "y", "origin": [11.825, 9.29994, 4.425], "rescale": true},
			"faces": {
				"east": {"uv": [13, 0, 15, 5], "texture": "#all"},
				"west": {"uv": [1, 0, 3, 5], "texture": "#all"}
			}
		},
		{
			"from": [13.5, 8.12394, 7.69],
			"to": [13.5, 9.59394, 8.11],
			"shade": false,
			"rotation": {"angle": 45, "axis": "y", "origin": [13.5, 9.29994, 7.9], "rescale": true},
			"faces": {
				"east": {"uv": [13, 0, 15, 5], "texture": "#all"},
				"west": {"uv": [1, 0, 3, 5], "texture": "#all"}
			}
		},
		{
			"from": [11.5, 8.12394, 11.29],
			"to": [11.5, 9.59394, 11.71],
			"shade": false,
			"rotation": {"angle": 45, "axis": "y", "origin": [11.5, 9.29994, 11.5], "rescale": true},
			"faces": {
				"east": {"uv": [13, 0, 15, 5], "texture": "#all"},
				"west": {"uv": [1, 0, 3, 5], "texture": "#all"}
			}
		},
		{
			"from": [7.975, 8.12394, 13.015],
			"to": [7.975, 9.59394, 13.435],
			"shade": false,
			"rotation": {"angle": 45, "axis": "y", "origin": [7.975, 9.29994, 13.225], "rescale": true},
			"faces": {
				"east": {"uv": [13, 0, 15, 5], "texture": "#all"},
				"west": {"uv": [1, 0, 3, 5], "texture": "#all"}
			}
		},
		{
			"from": [4.475, 8.12394, 11.39],
			"to": [4.475, 9.59394, 11.81],
			"shade": false,
			"rotation": {"angle": 45, "axis": "y", "origin": [4.475, 9.29994, 11.6], "rescale": true},
			"faces": {
				"east": {"uv": [13, 0, 15, 5], "texture": "#all"},
				"west": {"uv": [1, 0, 3, 5], "texture": "#all"}
			}
		}
	],
	"groups": [
		{
			"name": "hexadecagon",
			"origin": [8, 8, 8],
			"children": [0, 1, 2, 3, 4, 5, 6, 7, 8]
		},
		{
			"name": "dead_sea_pickle",
			"origin": [8, 8, 8],
			"children": [9, 10, 11, 12, 13, 14, 15, 16, 17, 18, 19, 20, 21, 22, 23, 24, 25, 26, 27, 28, 29, 30]
		}
	]
}