{
	"credit": "Made with Blockbench",
	"parent": "block/block",
	"textures": {
		"1": "block/cake_bottom",
		"5": "block/candle_off",
		"particle": "block/candle"
	},
	"elements": [
		{
			"from": [1.25, 0, 4.425],
			"to": [2.025, 0.625, 5.175],
			"rotation": {"angle": -22.5, "axis": "y", "origin": [1.6375, 0.3125, 4.8]},
			"faces": {
				"north": {"uv": [3, 2, 3.775, 2.75], "texture": "#1"},
				"east": {"uv": [3, 2, 3.775, 2.75], "texture": "#1"},
				"south": {"uv": [5, 1, 5.775, 1.75], "texture": "#1"},
				"west": {"uv": [6, 3, 6.775, 3.75], "texture": "#1"},
				"up": {"uv": [3, 2, 3.775, 2.75], "texture": "#1"},
				"down": {"uv": [3, 2, 3.775, 2.75], "texture": "#1"}
			}
		},
		{
			"from": [3.775, 0, 10.7],
			"to": [5.5, 0.625, 11.45],
			"rotation": {"angle": 0, "axis": "y", "origin": [4.8375, 0.3125, 11.075]},
			"faces": {
				"north": {"uv": [3, 2, 3.775, 2.75], "texture": "#1"},
				"east": {"uv": [3, 2, 3.775, 2.75], "texture": "#1"},
				"south": {"uv": [5, 1, 5.775, 1.75], "texture": "#1"},
				"west": {"uv": [6, 3, 6.775, 3.75], "texture": "#1"},
				"up": {"uv": [3, 2, 3.775, 2.75], "texture": "#1"},
				"down": {"uv": [3, 2, 3.775, 2.75], "texture": "#1"}
			}
		},
		{
			"from": [4.375, 0, 8.175],
			"to": [5.175, 0.625, 8.925],
			"rotation": {"angle": -45, "axis": "y", "origin": [4.5125, 0.3125, 8.55]},
			"faces": {
				"north": {"uv": [3, 2, 3.775, 2.75], "texture": "#1"},
				"east": {"uv": [3, 2, 3.775, 2.75], "texture": "#1"},
				"south": {"uv": [5, 1, 5.775, 1.75], "texture": "#1"},
				"west": {"uv": [6, 3, 6.775, 3.75], "texture": "#1"},
				"up": {"uv": [3, 2, 3.775, 2.75], "texture": "#1"},
				"down": {"uv": [3, 2, 3.775, 2.75], "texture": "#1"}
			}
		},
		{
			"from": [7.3125, 0, 7.7625],
			"to": [8.0625, 0.625, 8.5625],
			"rotation": {"angle": -22.5, "axis": "y", "origin": [7.6875, 0.3125, 7.9]},
			"faces": {
				"north": {"uv": [6, 3, 6.775, 3.75], "texture": "#1"},
				"east": {"uv": [3, 2, 3.775, 2.75], "texture": "#1"},
				"south": {"uv": [3, 2, 3.775, 2.75], "texture": "#1"},
				"west": {"uv": [5, 1, 5.775, 1.75], "texture": "#1"},
				"up": {"uv": [3, 2, 3.775, 2.75], "rotation": 90, "texture": "#1"},
				"down": {"uv": [3, 2, 3.775, 2.75], "rotation": 270, "texture": "#1"}
			}
		},
		{
			"from": [5.5375, 0, 2.9375],
			"to": [6.2875, 0.7, 4.7125],
			"rotation": {"angle": -22.5, "axis": "y", "origin": [5.9125, 0.3125, 4.075]},
			"faces": {
				"north": {"uv": [6, 3, 6.775, 3.75], "texture": "#1"},
				"east": {"uv": [3, 2, 3.775, 2.75], "texture": "#1"},
				"south": {"uv": [3, 2, 3.775, 2.75], "texture": "#1"},
				"west": {"uv": [5, 1, 5.775, 1.75], "texture": "#1"},
				"up": {"uv": [3, 2, 3.775, 2.75], "rotation": 90, "texture": "#1"},
				"down": {"uv": [3, 2, 3.775, 2.75], "rotation": 270, "texture": "#1"}
			}
		},
		{
			"from": [12.9, 0, 10.375],
			"to": [13.7, 1, 11.125],
			"rotation": {"angle": -45, "axis": "y", "origin": [13.0375, 0.3125, 10.75]},
			"faces": {
				"north": {"uv": [3, 2, 3.775, 2.75], "texture": "#1"},
				"east": {"uv": [3, 2, 3.775, 2.75], "texture": "#1"},
				"south": {"uv": [5, 1, 5.775, 1.75], "texture": "#1"},
				"west": {"uv": [6, 3, 6.775, 3.75], "texture": "#1"},
				"up": {"uv": [3, 2, 3.775, 2.75], "texture": "#1"},
				"down": {"uv": [3, 2, 3.775, 2.75], "texture": "#1"}
			}
		},
		{
			"from": [13.7, 0, 4.1],
			"to": [14.5, 0.4, 4.85],
			"rotation": {"angle": 0, "axis": "y", "origin": [13.8375, 0.3125, 4.475]},
			"faces": {
				"north": {"uv": [3, 2, 3.775, 2.75], "texture": "#1"},
				"east": {"uv": [3, 2, 3.775, 2.75], "texture": "#1"},
				"south": {"uv": [5, 1, 5.775, 1.75], "texture": "#1"},
				"west": {"uv": [6, 3, 6.775, 3.75], "texture": "#1"},
				"up": {"uv": [3, 2, 3.775, 2.75], "texture": "#1"},
				"down": {"uv": [3, 2, 3.775, 2.75], "texture": "#1"}
			}
		},
		{
			"from": [10.625, 0, 1.625],
			"to": [11.425, 0.4, 2.375],
			"rotation": {"angle": 45, "axis": "y", "origin": [11.2875, 0.3125, 2]},
			"faces": {
				"north": {"uv": [5, 1, 5.775, 1.75], "texture": "#1"},
				"east": {"uv": [6, 3, 6.775, 3.75], "texture": "#1"},
				"south": {"uv": [3, 2, 3.775, 2.75], "texture": "#1"},
				"west": {"uv": [3, 2, 3.775, 2.75], "texture": "#1"},
				"up": {"uv": [3, 2, 3.775, 2.75], "rotation": 180, "texture": "#1"},
				"down": {"uv": [3, 2, 3.775, 2.75], "rotation": 180, "texture": "#1"}
			}
		},
		{
			"from": [9.975, 0, 5.125],
			"to": [10.35, 0.4, 5.875],
			"rotation": {"angle": 45, "axis": "y", "origin": [10.2125, 0.3125, 5.5]},
			"faces": {
				"north": {"uv": [5, 1, 5.775, 1.75], "texture": "#1"},
				"east": {"uv": [6, 3, 6.775, 3.75], "texture": "#1"},
				"south": {"uv": [3, 2, 3.775, 2.75], "texture": "#1"},
				"west": {"uv": [3, 2, 3.775, 2.75], "texture": "#1"},
				"up": {"uv": [3, 2, 3.775, 2.75], "rotation": 180, "texture": "#1"},
				"down": {"uv": [3, 2, 3.775, 2.75], "rotation": 180, "texture": "#1"}
			}
		},
		{
			"from": [10.95224, 0, 8.49974],
			"to": [11.70224, 0.625, 9.29974],
			"rotation": {"angle": 22.5, "axis": "y", "origin": [11.32724, 0.3125, 8.89974]},
			"faces": {
				"north": {"uv": [6, 3, 6.775, 3.75], "texture": "#1"},
				"east": {"uv": [3, 2, 3.775, 2.75], "texture": "#1"},
				"south": {"uv": [3, 2, 3.775, 2.75], "texture": "#1"},
				"west": {"uv": [5, 1, 5.775, 1.75], "texture": "#1"},
				"up": {"uv": [3, 2, 3.775, 2.75], "rotation": 90, "texture": "#1"},
				"down": {"uv": [3, 2, 3.775, 2.75], "rotation": 270, "texture": "#1"}
			}
		},
		{
			"from": [8.17906, 0, 14.14156],
			"to": [8.92906, 0.625, 14.94156],
			"rotation": {"angle": 22.5, "axis": "y", "origin": [7.27906, 0.3125, 11.31656]},
			"faces": {
				"north": {"uv": [6, 3, 6.775, 3.75], "texture": "#1"},
				"east": {"uv": [3, 2, 3.775, 2.75], "texture": "#1"},
				"south": {"uv": [3, 2, 3.775, 2.75], "texture": "#1"},
				"west": {"uv": [5, 1, 5.775, 1.75], "texture": "#1"},
				"up": {"uv": [3, 2, 3.775, 2.75], "rotation": 90, "texture": "#1"},
				"down": {"uv": [3, 2, 3.775, 2.75], "rotation": 270, "texture": "#1"}
			}
		},
		{
			"from": [1.375, 0, 10.625],
			"to": [2.175, 0.625, 11.375],
			"rotation": {"angle": -22.5, "axis": "y", "origin": [1.5125, 0.3125, 11]},
			"faces": {
				"north": {"uv": [3, 2, 3.775, 2.75], "texture": "#1"},
				"east": {"uv": [3, 2, 3.775, 2.75], "texture": "#1"},
				"south": {"uv": [5, 1, 5.775, 1.75], "texture": "#1"},
				"west": {"uv": [6, 3, 6.775, 3.75], "texture": "#1"},
				"up": {"uv": [3, 2, 3.775, 2.75], "texture": "#1"},
				"down": {"uv": [3, 2, 3.775, 2.75], "texture": "#1"}
			}
		},
		{
			"from": [6.05966, 0, 12.91645],
			"to": [6.43466, 0.375, 13.71645],
			"rotation": {"angle": 22.5, "axis": "y", "origin": [6.05966, 0.3125, 13.31645]},
			"faces": {
				"north": {"uv": [6, 3, 6.775, 3.75], "texture": "#1"},
				"east": {"uv": [3, 2, 3.775, 2.75], "texture": "#1"},
				"south": {"uv": [3, 2, 3.775, 2.75], "texture": "#1"},
				"west": {"uv": [5, 1, 5.775, 1.75], "texture": "#1"},
				"up": {"uv": [3, 2, 3.775, 2.75], "rotation": 90, "texture": "#1"},
				"down": {"uv": [3, 2, 3.775, 2.75], "rotation": 270, "texture": "#1"}
			}
		},
		{
			"from": [1.99, -0.12006, 7.305],
			"to": [4.51, 0.71994, 8.145],
			"rotation": {"angle": 22.5, "axis": "y", "origin": [1.15, 0.29994, 7.725]},
			"faces": {
				"north": {"uv": [4, 5, 8, 11], "rotation": 90, "texture": "#5"},
				"east": {"uv": [8, 1, 12, 5], "rotation": 270, "texture": "#5"},
				"south": {"uv": [0, 5, 4, 11], "rotation": 270, "texture": "#5"},
				"west": {"uv": [4, 1, 8, 5], "rotation": 270, "texture": "#5"},
				"up": {"uv": [12, 5, 16, 11], "rotation": 270, "texture": "#5"},
				"down": {"uv": [8, 5, 12, 11], "rotation": 270, "texture": "#5"}
			}
		},
		{
			"from": [3.18, -0.06006, 3.58],
			"to": [4.02, 2.45994, 4.42],
			"rotation": {"angle": 0, "axis": "y", "origin": [3.6, 3.29994, 4]},
			"faces": {
				"north": {"uv": [4, 5, 8, 11], "texture": "#5"},
				"east": {"uv": [12, 5, 16, 11], "texture": "#5"},
				"south": {"uv": [0, 5, 4, 11], "texture": "#5"},
				"west": {"uv": [8, 5, 12, 11], "texture": "#5"},
				"up": {"uv": [4, 1, 8, 5], "texture": "#5"},
				"down": {"uv": [8, 1, 12, 5], "texture": "#5"}
			}
		},
		{
			"from": [7.505, -0.12006, 2.24],
			"to": [8.345, 0.71994, 4.76],
			"rotation": {"angle": 0, "axis": "x", "origin": [7.925, 0.29994, 5.6]},
			"faces": {
				"north": {"uv": [8, 1, 12, 5], "rotation": 180, "texture": "#5"},
				"east": {"uv": [12, 5, 16, 11], "rotation": 270, "texture": "#5"},
				"south": {"uv": [4, 1, 8, 5], "texture": "#5"},
				"west": {"uv": [8, 5, 12, 11], "rotation": 90, "texture": "#5"},
				"up": {"uv": [4, 5, 8, 11], "rotation": 180, "texture": "#5"},
				"down": {"uv": [0, 5, 4, 11], "texture": "#5"}
			}
		},
		{
			"from": [11.405, -0.07006, 4.09],
			"to": [12.245, 0.76994, 6.61],
			"rotation": {"angle": 0, "axis": "x", "origin": [11.825, 0.34994, 3.25]},
			"faces": {
				"north": {"uv": [4, 1, 8, 5], "rotation": 180, "texture": "#5"},
				"east": {"uv": [12, 5, 16, 11], "rotation": 90, "texture": "#5"},
				"south": {"uv": [8, 1, 12, 5], "texture": "#5"},
				"west": {"uv": [8, 5, 12, 11], "rotation": 270, "texture": "#5"},
				"up": {"uv": [0, 5, 4, 11], "texture": "#5"},
				"down": {"uv": [4, 5, 8, 11], "rotation": 180, "texture": "#5"}
			}
		},
		{
			"from": [12.14, 0.95494, 8.38],
			"to": [14.66, 1.79494, 9.22],
			"rotation": {"angle": -22.5, "axis": "z", "origin": [11.45, 3.32494, 8.8]},
			"faces": {
				"north": {"uv": [4, 5, 8, 11], "rotation": 90, "texture": "#5"},
				"east": {"uv": [8, 1, 12, 5], "rotation": 270, "texture": "#5"},
				"south": {"uv": [0, 5, 4, 11], "rotation": 270, "texture": "#5"},
				"west": {"uv": [4, 1, 8, 5], "rotation": 270, "texture": "#5"},
				"up": {"uv": [12, 5, 16, 11], "rotation": 270, "texture": "#5"},
				"down": {"uv": [8, 5, 12, 11], "rotation": 270, "texture": "#5"}
			}
		},
		{
			"from": [8.84, -0.04506, 12.355],
			"to": [11.36, 0.79494, 13.195],
			"rotation": {"angle": -22.5, "axis": "y", "origin": [11.5, 3.29994, 11.5]},
			"faces": {
				"north": {"uv": [4, 5, 8, 11], "rotation": 270, "texture": "#5"},
				"east": {"uv": [4, 1, 8, 5], "rotation": 90, "texture": "#5"},
				"south": {"uv": [0, 5, 4, 11], "rotation": 90, "texture": "#5"},
				"west": {"uv": [8, 1, 12, 5], "rotation": 90, "texture": "#5"},
				"up": {"uv": [8, 5, 12, 11], "rotation": 90, "texture": "#5"},
				"down": {"uv": [12, 5, 16, 11], "rotation": 90, "texture": "#5"}
			}
		},
		{
			"from": [7.555, -0.06006, 12.805],
			"to": [8.395, 2.45994, 13.645],
			"rotation": {"angle": 0, "axis": "y", "origin": [7.975, 3.29994, 13.225]},
			"faces": {
				"north": {"uv": [4, 5, 8, 11], "texture": "#5"},
				"east": {"uv": [12, 5, 16, 11], "texture": "#5"},
				"south": {"uv": [0, 5, 4, 11], "texture": "#5"},
				"west": {"uv": [8, 5, 12, 11], "texture": "#5"},
				"up": {"uv": [4, 1, 8, 5], "texture": "#5"},
				"down": {"uv": [8, 1, 12, 5], "texture": "#5"}
			}
		},
		{
			"from": [4.055, 1.20494, 10.94],
			"to": [4.895, 2.04494, 13.46],
			"rotation": {"angle": 22.5, "axis": "x", "origin": [4.475, 1.62494, 10.1]},
			"faces": {
				"north": {"uv": [4, 1, 8, 5], "rotation": 180, "texture": "#5"},
				"east": {"uv": [12, 5, 16, 11], "rotation": 90, "texture": "#5"},
				"south": {"uv": [8, 1, 12, 5], "texture": "#5"},
				"west": {"uv": [8, 5, 12, 11], "rotation": 270, "texture": "#5"},
				"up": {"uv": [0, 5, 4, 11], "texture": "#5"},
				"down": {"uv": [4, 5, 8, 11], "rotation": 180, "texture": "#5"}
			}
		},
		{
			"from": [11.024, 0.16494, 12.775],
			"to": [12.494, 0.58494, 12.775],
			"shade": false,
			"rotation": {"angle": -22.5, "axis": "y", "origin": [11.5, 3.29994, 11.5], "rescale": true},
			"faces": {
				"north": {"uv": [1, 0, 3, 5], "rotation": 270, "texture": "#5"},
				"east": {"uv": [0, 0, 0, 0], "rotation": 90, "texture": "#5"},
				"south": {"uv": [13, 0, 15, 5], "rotation": 90, "texture": "#5"},
				"west": {"uv": [0, 0, 0, 0], "rotation": 90, "texture": "#5"},
				"up": {"uv": [0, 0, 0, 0], "rotation": 90, "texture": "#5"},
				"down": {"uv": [0, 0, 0, 0], "rotation": 90, "texture": "#5"}
			}
		},
		{
			"from": [0.856, 0.29994, 7.515],
			"to": [2.326, 0.29994, 7.935],
			"shade": false,
			"rotation": {"angle": 22.5, "axis": "y", "origin": [1.15, 0.29994, 7.725], "rescale": true},
			"faces": {
				"north": {"uv": [0, 0, 0, 0], "rotation": 90, "texture": "#5"},
				"east": {"uv": [0, 0, 0, 0], "rotation": 270, "texture": "#5"},
				"south": {"uv": [0, 0, 0, 0], "rotation": 270, "texture": "#5"},
				"west": {"uv": [0, 0, 0, 0], "rotation": 270, "texture": "#5"},
				"up": {"uv": [13, 0, 15, 5], "rotation": 270, "texture": "#5"},
				"down": {"uv": [1, 0, 3, 5], "rotation": 270, "texture": "#5"}
			}
		},
		{
			"from": [3.6, 2.12394, 3.79],
			"to": [3.6, 3.59394, 4.21],
			"shade": false,
			"rotation": {"angle": 45, "axis": "y", "origin": [3.6, 3.29994, 4], "rescale": true},
			"faces": {
				"north": {"uv": [0, 0, 0, 0], "texture": "#5"},
				"east": {"uv": [13, 0, 15, 5], "texture": "#5"},
				"south": {"uv": [0, 0, 0, 0], "texture": "#5"},
				"west": {"uv": [1, 0, 3, 5], "texture": "#5"},
				"up": {"uv": [0, 0, 0, 0], "texture": "#5"},
				"down": {"uv": [0, 0, 0, 0], "texture": "#5"}
			}
		},
		{
			"from": [7.925, 0.08994, 4.424],
			"to": [7.925, 0.50994, 5.894],
			"shade": false,
			"rotation": {"angle": 0, "axis": "x", "origin": [7.925, 0.29994, 5.6], "rescale": true},
			"faces": {
				"north": {"uv": [0, 0, 0, 0], "rotation": 180, "texture": "#5"},
				"east": {"uv": [13, 0, 15, 5], "rotation": 270, "texture": "#5"},
				"south": {"uv": [0, 0, 0, 0], "texture": "#5"},
				"west": {"uv": [1, 0, 3, 5], "rotation": 90, "texture": "#5"},
				"up": {"uv": [0, 0, 0, 0], "rotation": 180, "texture": "#5"},
				"down": {"uv": [0, 0, 0, 0], "texture": "#5"}
			}
		},
		{
			"from": [11.825, 0.13994, 2.956],
			"to": [11.825, 0.55994, 4.426],
			"shade": false,
			"rotation": {"angle": 0, "axis": "x", "origin": [11.825, 0.34994, 3.25], "rescale": true},
			"faces": {
				"north": {"uv": [0, 0, 0, 0], "rotation": 180, "texture": "#5"},
				"east": {"uv": [13, 0, 15, 5], "rotation": 90, "texture": "#5"},
				"south": {"uv": [0, 0, 0, 0], "texture": "#5"},
				"west": {"uv": [1, 0, 3, 5], "rotation": 270, "texture": "#5"},
				"up": {"uv": [0, 0, 0, 0], "texture": "#5"},
				"down": {"uv": [0, 0, 0, 0], "rotation": 180, "texture": "#5"}
			}
		},
		{
			"from": [11.006, 1.49994, 8.59],
			"to": [12.476, 1.49994, 9.01],
			"shade": false,
			"rotation": {"angle": -22.5, "axis": "z", "origin": [11.45, 3.44994, 8.8], "rescale": true},
			"faces": {
				"north": {"uv": [0, 0, 0, 0], "rotation": 90, "texture": "#5"},
				"east": {"uv": [0, 0, 0, 0], "rotation": 270, "texture": "#5"},
				"south": {"uv": [0, 0, 0, 0], "rotation": 270, "texture": "#5"},
				"west": {"uv": [0, 0, 0, 0], "rotation": 270, "texture": "#5"},
				"up": {"uv": [13, 0, 15, 5], "rotation": 270, "texture": "#5"},
				"down": {"uv": [1, 0, 3, 5], "rotation": 270, "texture": "#5"}
			}
		},
		{
			"from": [7.975, 2.12394, 13.015],
			"to": [7.975, 3.59394, 13.435],
			"shade": false,
			"rotation": {"angle": 45, "axis": "y", "origin": [7.975, 3.29994, 13.225], "rescale": true},
			"faces": {
				"north": {"uv": [0, 0, 0, 0], "texture": "#5"},
				"east": {"uv": [13, 0, 15, 5], "texture": "#5"},
				"south": {"uv": [0, 0, 0, 0], "texture": "#5"},
				"west": {"uv": [1, 0, 3, 5], "texture": "#5"},
				"up": {"uv": [0, 0, 0, 0], "texture": "#5"},
				"down": {"uv": [0, 0, 0, 0], "texture": "#5"}
			}
		},
		{
			"from": [4.475, 1.41494, 9.806],
			"to": [4.475, 1.83494, 11.276],
			"shade": false,
			"rotation": {"angle": 22.5, "axis": "x", "origin": [4.475, 1.62494, 10.1], "rescale": true},
			"faces": {
				"north": {"uv": [0, 0, 0, 0], "rotation": 180, "texture": "#5"},
				"east": {"uv": [13, 0, 15, 5], "rotation": 90, "texture": "#5"},
				"south": {"uv": [0, 0, 0, 0], "texture": "#5"},
				"west": {"uv": [1, 0, 3, 5], "rotation": 270, "texture": "#5"},
				"up": {"uv": [0, 0, 0, 0], "texture": "#5"},
				"down": {"uv": [0, 0, 0, 0], "rotation": 180, "texture": "#5"}
			}
		}
	],
	"groups": [
		{
			"name": "hexadecagon",
			"origin": [8, 8, 8],
			"children": [0, 1, 2, 3, 4, 5, 6, 7, 8, 9, 10, 11, 12]
		},
		{
			"name": "dead_sea_pickle",
			"origin": [8, 8, 8],
			"children": [13, 14, 15, 16, 17, 18, 19, 20, 21, 22, 23, 24, 25, 26, 27, 28]
		}
	]
}