{
	"credit": "Made with Blockbench",
	"parent": "block/orientable",
	"textures": {
		"0": "block/pumpkin_side",
		"1": "block/carved_pumpkin",
		"2": "block/pumpkin_top",
		"3": "block/birch_planks",
		"particle": "block/pumpkin_side"
	},
	"elements": [
		{
			"from": [1, 15, 1],
			"to": [15, 16, 15],
			"rotation": {"angle": 0, "axis": "y", "origin": [8, 23, 8]},
			"faces": {
				"up": {"uv": [1, 1, 15, 15], "texture": "#2"},
				"down": {"uv": [1, 1, 15, 15], "rotation": 90, "texture": "#3"}
			}
		},
		{
			"from": [1, 0, 1],
			"to": [15, 1, 15],
			"faces": {
				"up": {"uv": [1, 1, 15, 15], "rotation": 90, "texture": "#3"},
				"down": {"uv": [1, 1, 15, 15], "texture": "#2"}
			}
		},
		{
			"from": [15, 0, 0],
			"to": [16, 16, 16],
			"rotation": {"angle": 0, "axis": "y", "origin": [7, 8, 8]},
			"faces": {
				"north": {"uv": [0, 0, 1, 16], "texture": "#1"},
				"east": {"uv": [0, 0, 16, 16], "texture": "#0"},
				"south": {"uv": [0, 0, 1, 16], "texture": "#0"},
				"west": {"uv": [0, 0, 16, 16], "rotation": 90, "texture": "#3"},
				"up": {"uv": [0, 16, 1, 0], "texture": "#2"},
				"down": {"uv": [0, 0, 1, 16], "texture": "#2"}
			}
		},
		{
			"from": [0, 0, 0],
			"to": [1, 16, 16],
			"rotation": {"angle": 0, "axis": "y", "origin": [-8, 8, 8]},
			"faces": {
				"north": {"uv": [0, 0, 1, 16], "texture": "#1"},
				"east": {"uv": [0, 0, 16, 16], "rotation": 90, "texture": "#3"},
				"south": {"uv": [0, 0, 1, 16], "texture": "#0"},
				"west": {"uv": [0, 0, 16, 16], "texture": "#0"},
				"up": {"uv": [0, 16, 1, 0], "texture": "#2"},
				"down": {"uv": [0, 0, 1, 16], "texture": "#2"}
			}
		},
		{
			"from": [1, 0, 0],
			"to": [15, 2, 1],
			"rotation": {"angle": 0, "axis": "y", "origin": [8, 8, -8]},
			"faces": {
				"north": {"uv": [1, 14, 15, 16], "texture": "#1"},
				"south": {"uv": [1, 14, 15, 16], "texture": "#1"},
				"up": {"uv": [1, 1, 15, 0], "texture": "#2"},
				"down": {"uv": [1, 1, 15, 0], "texture": "#2"}
			}
		},
		{
			"from": [13, 2, 0],
			"to": [15, 4, 1],
			"rotation": {"angle": 0, "axis": "y", "origin": [8, 10, -8]},
			"faces": {
				"north": {"uv": [1, 12, 3, 14], "texture": "#1"},
				"south": {"uv": [1, 12, 3, 14], "texture": "#1"},
				"west": {"uv": [2, 12, 3, 14], "texture": "#1"},
				"up": {"uv": [3, 13, 1, 14], "texture": "#1"}
			}
		},
		{
			"name": "wallfix",
			"from": [14.999, 4, 0],
			"to": [14.999, 6, 1],
			"rotation": {"angle": 0, "axis": "y", "origin": [10, 12, -8]},
			"faces": {
				"west": {"uv": [2, 12, 3, 14], "texture": "#1"}
			}
		},
		{
			"from": [10, 2, 0],
			"to": [12, 3, 1],
			"rotation": {"angle": 0, "axis": "y", "origin": [5, 10, -8]},
			"faces": {
				"north": {"uv": [4, 13, 6, 14], "texture": "#1"},
				"east": {"uv": [4, 13, 6, 14], "texture": "#1"},
				"south": {"uv": [4, 13, 6, 14], "texture": "#1"},
				"west": {"uv": [4, 13, 6, 14], "texture": "#1"},
				"up": {"uv": [4, 13, 6, 14], "texture": "#1"}
			}
		},
		{
			"from": [5, 2, 0],
			"to": [9, 3, 1],
			"rotation": {"angle": 0, "axis": "y", "origin": [2, 10, -8]},
			"faces": {
				"north": {"uv": [7, 13, 11, 14], "texture": "#1"},
				"east": {"uv": [7, 13, 11, 14], "texture": "#1"},
				"south": {"uv": [7, 13, 11, 14], "texture": "#1"},
				"west": {"uv": [10, 13, 11, 14], "texture": "#1"},
				"up": {"uv": [11, 13, 7, 14], "texture": "#1"}
			}
		},
		{
			"from": [1, 2, 0],
			"to": [4, 3, 1],
			"rotation": {"angle": 0, "axis": "y", "origin": [-3, 10, -8]},
			"faces": {
				"north": {"uv": [12, 13, 15, 14], "texture": "#1"},
				"east": {"uv": [12, 13, 13, 14], "texture": "#1"},
				"south": {"uv": [12, 13, 15, 14], "texture": "#1"},
				"up": {"uv": [15, 13, 12, 14], "texture": "#1"}
			}
		},
		{
			"from": [7, 3, 0],
			"to": [8, 4, 1],
			"rotation": {"angle": 0, "axis": "y", "origin": [1, 11, -8]},
			"faces": {
				"north": {"uv": [8, 12, 9, 13], "texture": "#1"},
				"east": {"uv": [8, 12, 9, 13], "texture": "#1"},
				"south": {"uv": [8, 12, 9, 13], "texture": "#1"},
				"west": {"uv": [8, 12, 9, 13], "texture": "#1"},
				"up": {"uv": [8, 12, 9, 13], "texture": "#1"}
			}
		},
		{
			"from": [10, 3, 0],
			"to": [11, 4, 1],
			"rotation": {"angle": 0, "axis": "y", "origin": [4, 11, -8]},
			"faces": {
				"north": {"uv": [5, 12, 6, 13], "texture": "#1"},
				"east": {"uv": [5, 12, 6, 13], "texture": "#1"},
				"south": {"uv": [5, 12, 6, 13], "texture": "#1"},
				"west": {"uv": [5, 12, 6, 13], "texture": "#1"},
				"up": {"uv": [5, 12, 6, 13], "texture": "#1"}
			}
		},
		{
			"from": [3, 3, 0],
			"to": [4, 4, 1],
			"rotation": {"angle": 0, "axis": "y", "origin": [-3, 11, -8]},
			"faces": {
				"north": {"uv": [12, 12, 13, 13], "texture": "#1"},
				"east": {"uv": [12, 12, 13, 13], "texture": "#1"},
				"south": {"uv": [12, 12, 13, 13], "texture": "#1"},
				"west": {"uv": [12, 12, 13, 13], "texture": "#1"},
				"up": {"uv": [12, 12, 13, 13], "texture": "#1"}
			}
		},
		{
			"from": [1, 14, 0],
			"to": [15, 16, 1],
			"rotation": {"angle": 0, "axis": "y", "origin": [8, 22, -8]},
			"faces": {
				"north": {"uv": [1, 0, 15, 2], "texture": "#1"},
				"south": {"uv": [1, 0, 15, 2], "texture": "#1"},
				"up": {"uv": [1, 1, 15, 0], "texture": "#2"},
				"down": {"uv": [1, 1, 15, 0], "texture": "#2"}
			}
		},
		{
			"from": [7, 7, 0],
			"to": [9, 14, 1],
			"rotation": {"angle": 0, "axis": "y", "origin": [8, 20, -8]},
			"faces": {
				"north": {"uv": [7, 2, 9, 9], "texture": "#1"},
				"east": {"uv": [7, 2, 8, 9], "texture": "#1"},
				"south": {"uv": [7, 2, 9, 9], "texture": "#1"},
				"west": {"uv": [8, 2, 9, 9], "texture": "#1"},
				"down": {"uv": [9, 8, 7, 9], "texture": "#1"}
			}
		},
		{
			"from": [13, 6, 0],
			"to": [15, 14, 1],
			"rotation": {"angle": 0, "axis": "y", "origin": [14, 20, -8]},
			"faces": {
				"north": {"uv": [1, 2, 3, 10], "texture": "#1"},
				"south": {"uv": [1, 2, 3, 10], "texture": "#1"},
				"west": {"uv": [0, 0, 1, 16], "texture": "#0"},
				"down": {"uv": [1, 1, 15, 0], "texture": "#2"}
			}
		},
		{
			"from": [1, 10, 0],
			"to": [3, 14, 1],
			"rotation": {"angle": 0, "axis": "y", "origin": [2, 20, -8]},
			"faces": {
				"north": {"uv": [13, 2, 15, 6], "texture": "#1"},
				"east": {"uv": [13, 2, 14, 6], "texture": "#1"},
				"south": {"uv": [13, 2, 15, 6], "texture": "#1"},
				"down": {"uv": [13, 5, 14, 6], "texture": "#1"}
			}
		},
		{
			"from": [1, 8, 0],
			"to": [2, 10, 1],
			"rotation": {"angle": 0, "axis": "y", "origin": [2, 18, -8]},
			"faces": {
				"north": {"uv": [14, 6, 15, 8], "texture": "#1"},
				"east": {"uv": [14, 6, 15, 8], "texture": "#1"},
				"south": {"uv": [14, 6, 15, 8], "texture": "#1"}
			}
		},
		{
			"from": [3, 12, 0],
			"to": [4, 14, 1],
			"rotation": {"angle": 0, "axis": "y", "origin": [4, 20, -8]},
			"faces": {
				"north": {"uv": [12, 2, 13, 4], "texture": "#1"},
				"east": {"uv": [12, 2, 13, 4], "texture": "#1"},
				"south": {"uv": [12, 2, 13, 4], "texture": "#1"},
				"down": {"uv": [12, 3, 13, 4], "texture": "#1"}
			}
		},
		{
			"from": [12, 12, 0],
			"to": [13, 14, 1],
			"rotation": {"angle": 0, "axis": "y", "origin": [13, 20, -8]},
			"faces": {
				"north": {"uv": [3, 2, 4, 4], "texture": "#1"},
				"south": {"uv": [3, 2, 4, 4], "texture": "#1"},
				"west": {"uv": [3, 2, 4, 4], "texture": "#1"},
				"down": {"uv": [3, 2, 4, 4], "texture": "#1"}
			}
		},
		{
			"from": [4, 13, 0],
			"to": [5, 14, 1],
			"rotation": {"angle": 0, "axis": "y", "origin": [5, 20, -8]},
			"faces": {
				"north": {"uv": [11, 2, 12, 3], "texture": "#1"},
				"east": {"uv": [11, 2, 12, 3], "texture": "#1"},
				"south": {"uv": [11, 2, 12, 3], "texture": "#1"},
				"down": {"uv": [11, 2, 12, 3], "texture": "#1"}
			}
		},
		{
			"from": [6, 8, 0],
			"to": [7, 9, 1],
			"rotation": {"angle": 0, "axis": "y", "origin": [7, 15, -8]},
			"faces": {
				"north": {"uv": [9, 7, 10, 8], "texture": "#1"},
				"south": {"uv": [9, 7, 10, 8], "texture": "#1"},
				"west": {"uv": [9, 7, 10, 8], "texture": "#1"},
				"up": {"uv": [9, 7, 10, 8], "texture": "#1"}
			}
		},
		{
			"from": [12, 8, 0],
			"to": [13, 9, 1],
			"rotation": {"angle": 0, "axis": "y", "origin": [13, 15, -8]},
			"faces": {
				"north": {"uv": [3, 7, 4, 8], "texture": "#1"},
				"south": {"uv": [3, 7, 4, 8], "texture": "#1"},
				"west": {"uv": [3, 7, 4, 8], "texture": "#1"},
				"up": {"uv": [3, 7, 4, 8], "texture": "#1"}
			}
		},
		{
			"from": [9, 8, 0],
			"to": [10, 9, 1],
			"rotation": {"angle": 0, "axis": "y", "origin": [10, 15, -8]},
			"faces": {
				"north": {"uv": [6, 7, 7, 8], "texture": "#1"},
				"east": {"uv": [6, 7, 7, 8], "texture": "#1"},
				"south": {"uv": [6, 7, 7, 8], "texture": "#1"},
				"up": {"uv": [6, 7, 7, 8], "texture": "#1"}
			}
		},
		{
			"from": [8, 6, 0],
			"to": [10, 7, 1],
			"rotation": {"angle": 0, "axis": "y", "origin": [10, 13, -8]},
			"faces": {
				"north": {"uv": [6, 9, 8, 10], "texture": "#1"},
				"east": {"uv": [6, 9, 7, 10], "texture": "#1"},
				"south": {"uv": [6, 9, 8, 10], "texture": "#1"},
				"west": {"uv": [7, 9, 8, 10], "texture": "#1"},
				"down": {"uv": [6, 9, 8, 10], "rotation": 180, "texture": "#1"}
			}
		},
		{
			"from": [5, 6, 0],
			"to": [7, 7, 1],
			"rotation": {"angle": 0, "axis": "y", "origin": [7, 13, -8]},
			"faces": {
				"north": {"uv": [9, 9, 11, 10], "texture": "#1"},
				"east": {"uv": [9, 9, 10, 10], "texture": "#1"},
				"south": {"uv": [6, 9, 8, 10], "texture": "#1"},
				"west": {"uv": [10, 9, 11, 10], "texture": "#1"},
				"down": {"uv": [9, 9, 11, 10], "rotation": 180, "texture": "#1"}
			}
		},
		{
			"from": [3, 6, 0],
			"to": [4, 7, 1],
			"rotation": {"angle": 0, "axis": "y", "origin": [5, 13, -8]},
			"faces": {
				"north": {"uv": [12, 9, 13, 10], "rotation": 180, "texture": "#1"},
				"east": {"uv": [12, 9, 13, 10], "rotation": 180, "texture": "#1"},
				"south": {"uv": [12, 9, 13, 10], "rotation": 180, "texture": "#1"},
				"west": {"uv": [12, 9, 13, 10], "rotation": 180, "texture": "#1"},
				"down": {"uv": [12, 9, 13, 10], "rotation": 180, "texture": "#1"}
			}
		},
		{
			"from": [11, 6, 0],
			"to": [12, 7, 1],
			"rotation": {"angle": 0, "axis": "y", "origin": [13, 13, -8]},
			"faces": {
				"north": {"uv": [4, 9, 5, 10], "rotation": 180, "texture": "#1"},
				"east": {"uv": [4, 9, 5, 10], "rotation": 180, "texture": "#1"},
				"south": {"uv": [4, 9, 5, 10], "rotation": 180, "texture": "#1"},
				"west": {"uv": [4, 9, 5, 10], "rotation": 180, "texture": "#1"},
				"down": {"uv": [4, 9, 5, 10], "rotation": 180, "texture": "#1"}
			}
		},
		{
			"from": [1, 5, 0],
			"to": [2, 7, 1],
			"rotation": {"angle": 0, "axis": "y", "origin": [3, 13, -8]},
			"faces": {
				"north": {"uv": [14, 9, 15, 11], "rotation": 180, "texture": "#1"},
				"east": {"uv": [14, 9, 15, 11], "rotation": 180, "texture": "#1"},
				"south": {"uv": [14, 9, 15, 11], "rotation": 180, "texture": "#1"},
				"down": {"uv": [14, 9, 15, 11], "rotation": 180, "texture": "#1"}
			}
		},
		{
			"name": "wallfix",
			"from": [1.001, 3, 0],
			"to": [1.001, 5, 1],
			"rotation": {"angle": 0, "axis": "y", "origin": [2, 11, -8]},
			"faces": {
				"east": {"uv": [14, 9, 15, 11], "rotation": 180, "texture": "#1"}
			}
		},
		{
			"from": [1, 7, 0],
			"to": [7, 8, 1],
			"rotation": {"angle": 0, "axis": "y", "origin": [5, 14, -8]},
			"faces": {
				"north": {"uv": [15, 8, 9, 9], "texture": "#1"},
				"south": {"uv": [9, 8, 15, 9], "texture": "#1"},
				"up": {"uv": [9, 8, 15, 9], "texture": "#1"},
				"down": {"uv": [9, 8, 15, 9], "texture": "#1"}
			}
		},
		{
			"from": [9, 7, 0],
			"to": [13, 8, 1],
			"rotation": {"angle": 0, "axis": "y", "origin": [11, 14, -8]},
			"faces": {
				"north": {"uv": [7, 8, 3, 9], "texture": "#1"},
				"south": {"uv": [7, 8, 3, 9], "texture": "#1"},
				"up": {"uv": [3, 8, 7, 9], "texture": "#1"},
				"down": {"uv": [3, 8, 7, 9], "texture": "#1"}
			}
		},
		{
			"from": [6, 13, 0],
			"to": [7, 14, 1],
			"rotation": {"angle": 0, "axis": "y", "origin": [7, 20, -8]},
			"faces": {
				"north": {"uv": [9, 2, 10, 3], "texture": "#1"},
				"south": {"uv": [9, 2, 10, 3], "texture": "#1"},
				"west": {"uv": [9, 2, 10, 3], "texture": "#1"},
				"down": {"uv": [9, 2, 10, 3], "texture": "#1"}
			}
		},
		{
			"from": [9, 13, 0],
			"to": [10, 14, 1],
			"rotation": {"angle": 0, "axis": "y", "origin": [10, 20, -8]},
			"faces": {
				"north": {"uv": [6, 2, 7, 3], "texture": "#1"},
				"east": {"uv": [6, 2, 7, 3], "texture": "#1"},
				"south": {"uv": [6, 2, 7, 3], "texture": "#1"},
				"down": {"uv": [6, 2, 7, 3], "texture": "#1"}
			}
		},
		{
			"from": [1, 0, 15],
			"to": [15, 16, 16],
			"rotation": {"angle": 0, "axis": "y", "origin": [8, 8, 24]},
			"faces": {
				"north": {"uv": [0, 0, 16, 16], "rotation": 90, "texture": "#3"},
				"south": {"uv": [1, 0, 15, 16], "texture": "#0"},
				"up": {"uv": [1, 15, 15, 16], "texture": "#2"},
				"down": {"uv": [15, 15, 1, 16], "texture": "#2"}
			}
		}
	]
}