{
	"credit": "Made with Blockbench",
	"parent": "minecraft:block/orientable",
	"textures": {
		"2": "block/furnace_side",
		"3": "block/furnace_top",
		"4": "block/campfire_fire_e",
		"5": "block/campfire_log_lit",
		"particle": "block/furnace_front"
	},
	"elements": [
		{
			"from": [1, 0, 1],
			"to": [15, 1, 15],
			"rotation": {"angle": 0, "axis": "y", "origin": [14, 8, 9]},
			"faces": {
				"up": {"uv": [1, 15, 15, 1], "texture": "#5"},
				"down": {"uv": [1, 1, 15, 15], "texture": "#3"}
			}
		},
		{
			"from": [0, 0, 0],
			"to": [1, 16, 16],
			"faces": {
				"north": {"uv": [15, 0, 16, 16], "texture": "#2"},
				"south": {"uv": [0, 0, 1, 16], "texture": "#2"},
				"west": {"uv": [0, 0, 16, 16], "texture": "#2"},
				"up": {"uv": [0, 0, 1, 16], "texture": "#2"},
				"down": {"uv": [0, 0, 1, 16], "texture": "#2"}
			}
		},
		{
			"from": [15, 0, 0],
			"to": [16, 16, 16],
			"rotation": {"angle": 0, "axis": "y", "origin": [23, 8, 8]},
			"faces": {
				"north": {"uv": [0, 0, 1, 16], "texture": "#2"},
				"east": {"uv": [0, 0, 16, 16], "texture": "#2"},
				"south": {"uv": [15, 0, 16, 16], "texture": "#2"},
				"up": {"uv": [15, 0, 16, 16], "texture": "#2"},
				"down": {"uv": [15, 0, 16, 16], "texture": "#2"}
			}
		},
		{
			"from": [1, 0, 15],
			"to": [15, 16, 16],
			"rotation": {"angle": 0, "axis": "y", "origin": [14, 8, 8]},
			"faces": {
				"south": {"uv": [1, 0, 15, 16], "texture": "#2"},
				"up": {"uv": [1, 15, 15, 16], "texture": "#2"},
				"down": {"uv": [1, 0, 15, 1], "texture": "#2"}
			}
		},
		{
			"from": [1, 1, 0],
			"to": [3, 16, 1],
			"rotation": {"angle": 0, "axis": "y", "origin": [2, 8, -7]},
			"faces": {
				"north": {"uv": [13, 0, 15, 15], "texture": "#particle"},
				"east": {"uv": [15, 0, 16, 15], "texture": "#particle"},
				"up": {"uv": [1, 0, 3, 1], "texture": "#3"}
			}
		},
		{
			"from": [13, 1, 0],
			"to": [15, 16, 1],
			"rotation": {"angle": 0, "axis": "y", "origin": [14, 8, -7]},
			"faces": {
				"north": {"uv": [1, 0, 3, 15], "texture": "#particle"},
				"west": {"uv": [0, 0, 1, 15], "texture": "#particle"},
				"up": {"uv": [13, 0, 15, 1], "texture": "#3"}
			}
		},
		{
			"from": [13, 1, 1],
			"to": [15, 9, 15],
			"rotation": {"angle": 0, "axis": "y", "origin": [14, 8, -6]},
			"faces": {
				"west": {"uv": [1, 7, 15, 15], "texture": "#5"}
			}
		},
		{
			"from": [1, 1, 1],
			"to": [3, 9, 15],
			"rotation": {"angle": 0, "axis": "y", "origin": [2, 8, -6]},
			"faces": {
				"east": {"uv": [2, 7, 16, 15], "texture": "#5"}
			}
		},
		{
			"from": [13, 9, 1],
			"to": [15, 16, 15],
			"rotation": {"angle": 0, "axis": "y", "origin": [14, 16, -6]},
			"faces": {
				"west": {"uv": [0, 7, 14, 14], "texture": "#5"},
				"up": {"uv": [13, 1, 15, 15], "texture": "#3"}
			}
		},
		{
			"from": [1, 9, 1],
			"to": [3, 16, 15],
			"rotation": {"angle": 0, "axis": "y", "origin": [2, 16, -6]},
			"faces": {
				"east": {"uv": [2, 7, 16, 14], "texture": "#5"},
				"up": {"uv": [13, 1, 15, 15], "rotation": 180, "texture": "#3"}
			}
		},
		{
			"from": [3, 5, 0],
			"to": [13, 9, 1],
			"rotation": {"angle": 0, "axis": "y", "origin": [4, 8, -7]},
			"faces": {
				"north": {"uv": [3, 7, 13, 11], "texture": "#particle"},
				"up": {"uv": [3, 0, 13, 1], "texture": "#particle"},
				"down": {"uv": [3, 15, 13, 16], "texture": "#particle"}
			}
		},
		{
			"from": [3, 5, 1],
			"to": [13, 9, 7],
			"rotation": {"angle": 0, "axis": "y", "origin": [4, 8, -6]},
			"faces": {
				"up": {"uv": [3, 15, 13, 9], "texture": "#5"},
				"down": {"uv": [3, 2, 13, 16], "texture": "#5"}
			}
		},
		{
			"from": [3, 13, 0],
			"to": [13, 16, 1],
			"rotation": {"angle": 0, "axis": "y", "origin": [4, 15, -7]},
			"faces": {
				"north": {"uv": [3, 0, 13, 3], "texture": "#particle"},
				"up": {"uv": [3, 0, 13, 1], "texture": "#3"},
				"down": {"uv": [3, 15, 13, 16], "texture": "#particle"}
			}
		},
		{
			"from": [3, 13, 1],
			"to": [13, 16, 15],
			"rotation": {"angle": 0, "axis": "y", "origin": [4, 15, -6]},
			"faces": {
				"up": {"uv": [3, 1, 13, 15], "texture": "#3"},
				"down": {"uv": [3, 2, 13, 16], "texture": "#5"}
			}
		},
		{
			"from": [3, 1, 7],
			"to": [13, 7, 15],
			"rotation": {"angle": 0, "axis": "y", "origin": [4, 18, -7]},
			"faces": {
				"north": {"uv": [3, 8, 13, 14], "texture": "#5"}
			}
		},
		{
			"from": [3, 7, 7],
			"to": [13, 14, 15],
			"rotation": {"angle": 0, "axis": "y", "origin": [4, 24, -7]},
			"faces": {
				"north": {"uv": [3, 8, 13, 15], "texture": "#5"}
			}
		},
		{
			"from": [3, 11, 0],
			"to": [4, 13, 1],
			"rotation": {"angle": 0, "axis": "y", "origin": [-5, 14, -7]},
			"faces": {
				"north": {"uv": [12, 3, 13, 5], "texture": "#particle"},
				"east": {"uv": [15, 3, 16, 5], "texture": "#particle"},
				"down": {"uv": [3, 15, 4, 16], "texture": "#particle"}
			}
		},
		{
			"from": [3, 3, 0],
			"to": [4, 5, 1],
			"rotation": {"angle": 0, "axis": "y", "origin": [-5, 6, -7]},
			"faces": {
				"north": {"uv": [12, 11, 13, 13], "texture": "#particle"},
				"east": {"uv": [15, 11, 16, 13], "texture": "#particle"},
				"down": {"uv": [3, 15, 4, 16], "texture": "#particle"}
			}
		},
		{
			"from": [12, 11, 0],
			"to": [13, 13, 1],
			"rotation": {"angle": 0, "axis": "y", "origin": [4, 14, -7]},
			"faces": {
				"north": {"uv": [3, 3, 4, 5], "texture": "#particle"},
				"west": {"uv": [0, 3, 1, 5], "texture": "#particle"},
				"down": {"uv": [12, 15, 13, 16], "texture": "#particle"}
			}
		},
		{
			"from": [12, 3, 0],
			"to": [13, 5, 1],
			"rotation": {"angle": 0, "axis": "y", "origin": [4, 6, -7]},
			"faces": {
				"north": {"uv": [3, 11, 4, 13], "texture": "#particle"},
				"west": {"uv": [0, 11, 1, 13], "texture": "#particle"},
				"down": {"uv": [12, 15, 13, 16], "texture": "#particle"}
			}
		},
		{
			"from": [11, 12, 0],
			"to": [12, 13, 1],
			"rotation": {"angle": 0, "axis": "y", "origin": [3, 14, -7]},
			"faces": {
				"north": {"uv": [4, 3, 5, 4], "texture": "#particle"},
				"west": {"uv": [0, 3, 1, 4], "texture": "#particle"},
				"down": {"uv": [11, 15, 12, 16], "texture": "#particle"}
			}
		},
		{
			"from": [11, 4, 0],
			"to": [12, 5, 1],
			"rotation": {"angle": 0, "axis": "y", "origin": [3, 6, -7]},
			"faces": {
				"north": {"uv": [4, 11, 5, 12], "texture": "#particle"},
				"west": {"uv": [0, 11, 1, 12], "texture": "#particle"},
				"down": {"uv": [11, 15, 12, 16], "texture": "#particle"}
			}
		},
		{
			"from": [4, 12, 0],
			"to": [5, 13, 1],
			"rotation": {"angle": 0, "axis": "y", "origin": [-4, 14, -7]},
			"faces": {
				"north": {"uv": [11, 3, 12, 4], "texture": "#particle"},
				"east": {"uv": [15, 3, 16, 4], "texture": "#particle"},
				"down": {"uv": [4, 15, 5, 16], "texture": "#particle"}
			}
		},
		{
			"from": [4, 4, 0],
			"to": [5, 5, 1],
			"rotation": {"angle": 0, "axis": "y", "origin": [-4, 6, -7]},
			"faces": {
				"north": {"uv": [11, 11, 12, 12], "texture": "#particle"},
				"east": {"uv": [15, 11, 16, 12], "texture": "#particle"},
				"down": {"uv": [4, 15, 5, 16], "texture": "#particle"}
			}
		},
		{
			"from": [3, 11, 1],
			"to": [4, 13, 7],
			"rotation": {"angle": 0, "axis": "y", "origin": [-5, 14, -6]},
			"faces": {
				"east": {"uv": [10, 11, 16, 12], "texture": "#5"},
				"down": {"uv": [2, 13, 8, 14], "rotation": 270, "texture": "#5"}
			}
		},
		{
			"from": [3, 3, 1],
			"to": [4, 5, 7],
			"rotation": {"angle": 0, "axis": "y", "origin": [-5, 6, -6]},
			"faces": {
				"east": {"uv": [10, 11, 16, 12], "texture": "#5"},
				"down": {"uv": [2, 13, 8, 14], "rotation": 270, "texture": "#5"}
			}
		},
		{
			"from": [12, 11, 1],
			"to": [13, 13, 7],
			"rotation": {"angle": 0, "axis": "y", "origin": [4, 14, -6]},
			"faces": {
				"west": {"uv": [0, 8, 6, 10], "texture": "#5"},
				"down": {"uv": [3, 10, 4, 16], "texture": "#5"}
			}
		},
		{
			"from": [12, 3, 1],
			"to": [13, 5, 7],
			"rotation": {"angle": 0, "axis": "y", "origin": [4, 6, -6]},
			"faces": {
				"west": {"uv": [0, 8, 6, 10], "texture": "#5"},
				"down": {"uv": [3, 10, 4, 16], "texture": "#5"}
			}
		},
		{
			"from": [11, 12, 1],
			"to": [12, 13, 7],
			"rotation": {"angle": 0, "axis": "y", "origin": [3, 14, -6]},
			"faces": {
				"west": {"uv": [2, 13, 8, 14], "texture": "#5"},
				"down": {"uv": [1, 13, 7, 14], "rotation": 270, "texture": "#5"}
			}
		},
		{
			"from": [11, 4, 1],
			"to": [12, 5, 7],
			"rotation": {"angle": 0, "axis": "y", "origin": [3, 6, -6]},
			"faces": {
				"west": {"uv": [2, 13, 8, 14], "texture": "#5"},
				"down": {"uv": [1, 13, 7, 14], "rotation": 270, "texture": "#5"}
			}
		},
		{
			"from": [4, 12, 1],
			"to": [5, 13, 7],
			"rotation": {"angle": 0, "axis": "y", "origin": [-4, 14, -6]},
			"faces": {
				"east": {"uv": [2, 13, 8, 14], "rotation": 180, "texture": "#5"},
				"down": {"uv": [10, 12, 16, 13], "rotation": 90, "texture": "#5"}
			}
		},
		{
			"from": [4, 4, 1],
			"to": [5, 5, 7],
			"rotation": {"angle": 0, "axis": "y", "origin": [-4, 6, -6]},
			"faces": {
				"east": {"uv": [2, 13, 8, 14], "rotation": 180, "texture": "#5"},
				"down": {"uv": [10, 12, 16, 13], "rotation": 90, "texture": "#5"}
			}
		},
		{
			"from": [1, 0, 0],
			"to": [15, 1, 1],
			"rotation": {"angle": 0, "axis": "y", "origin": [14, 8, 8]},
			"faces": {
				"north": {"uv": [1, 15, 15, 16], "texture": "#3"},
				"up": {"uv": [1, 0, 15, 1], "texture": "#3"},
				"down": {"uv": [1, 15, 15, 16], "texture": "#3"}
			}
		},
		{
			"name": "lower_fire",
			"from": [5.03, 0.86, 3],
			"to": [10.97, 6.14, 3],
			"rotation": {"angle": 0, "axis": "y", "origin": [14.27, 6.14, 8.28]},
			"faces": {
				"north": {"uv": [15, 4, 1, 16], "texture": "#4"},
				"south": {"uv": [0, 0, 8, 8], "texture": "#4"}
			}
		},
		{
			"name": "lower_fire",
			"from": [5.03, 8.86, 3],
			"to": [10.97, 12.14, 3],
			"rotation": {"angle": 0, "axis": "y", "origin": [14.27, 14.14, 8.28]},
			"faces": {
				"north": {"uv": [15, 8, 1, 16], "texture": "#4"},
				"south": {"uv": [0, 0, 8, 8], "texture": "#4"}
			}
		},
		{
			"name": "lower_fire",
			"from": [2.75, 0.75, 3.75],
			"to": [12.75, 8.75, 3.75],
			"rotation": {"angle": 0, "axis": "y", "origin": [17.75, 8.75, 11.75]},
			"faces": {
				"north": {"uv": [1, 4, 15, 16], "texture": "#4"},
				"south": {"uv": [0, 0, 8, 8], "texture": "#4"}
			}
		},
		{
			"name": "lower_fire",
			"from": [2.75, 8.75, 3.75],
			"to": [12.75, 14.75, 3.75],
			"rotation": {"angle": 0, "axis": "y", "origin": [17.75, 16.75, 11.75]},
			"faces": {
				"north": {"uv": [1, 8, 15, 16], "texture": "#4"},
				"south": {"uv": [0, 0, 8, 8], "texture": "#4"}
			}
		},
		{
			"from": [6.86485, 0.63504, 1.72271],
			"to": [9.05485, 2.82504, 3.91271],
			"rotation": {"angle": 45, "axis": "y", "origin": [7.95985, 1.73004, 3.18271]},
			"faces": {
				"north": {"uv": [1, 8, 3, 10], "texture": "#5"},
				"east": {"uv": [3, 14, 5, 16], "texture": "#5"},
				"south": {"uv": [4, 3, 6, 5], "texture": "#5"},
				"west": {"uv": [4, 3, 6, 5], "texture": "#5"},
				"up": {"uv": [4, 3, 6, 5], "rotation": 90, "texture": "#5"},
				"down": {"uv": [4, 3, 6, 5], "rotation": 270, "texture": "#5"}
			}
		},
		{
			"from": [9.05485, 0.49504, 1.72271],
			"to": [11.24485, 2.68504, 4.64271],
			"rotation": {"angle": 22.5, "axis": "z", "origin": [10.51485, 1.95504, 3.18271]},
			"faces": {
				"north": {"uv": [2, 14, 4, 16], "texture": "#5"},
				"east": {"uv": [4, 3, 6, 5], "texture": "#5"},
				"south": {"uv": [4, 3, 6, 5], "texture": "#5"},
				"west": {"uv": [4, 3, 6, 5], "texture": "#5"},
				"up": {"uv": [3, 13, 5, 15], "texture": "#5"}
			}
		},
		{
			"from": [4.30985, 1.00004, 2.45271],
			"to": [5.76985, 2.46004, 3.91271],
			"rotation": {"angle": 45, "axis": "y", "origin": [4.30985, 1.73004, 3.18271]},
			"faces": {
				"north": {"uv": [2, 13, 4, 15], "texture": "#5"},
				"east": {"uv": [14, 11, 16, 13], "texture": "#5"},
				"south": {"uv": [4, 3, 6, 5], "texture": "#5"},
				"west": {"uv": [4, 3, 6, 5], "texture": "#5"},
				"up": {"uv": [4, 3, 6, 5], "rotation": 180, "texture": "#5"},
				"down": {"uv": [4, 3, 6, 5], "rotation": 270, "texture": "#5"}
			}
		},
		{
			"from": [8.32885, 1.00004, 1.40021],
			"to": [9.05885, 1.73004, 2.13021],
			"rotation": {"angle": 0, "axis": "y", "origin": [19.27885, 12.68004, 12.35021]},
			"faces": {
				"north": {"uv": [4, 10, 5, 11], "texture": "#5"},
				"east": {"uv": [4, 8, 5, 9], "texture": "#5"},
				"south": {"uv": [5, 3, 6, 4], "texture": "#5"},
				"west": {"uv": [5, 3, 6, 4], "texture": "#5"},
				"up": {"uv": [4, 2, 5, 3], "texture": "#5"},
				"down": {"uv": [5, 3, 6, 4], "texture": "#5"}
			}
		},
		{
			"from": [7.44885, 2.82504, 2.70821],
			"to": [8.17885, 3.55504, 3.43821],
			"rotation": {"angle": -22.5, "axis": "y", "origin": [7.81385, 3.19004, 3.07321]},
			"faces": {
				"north": {"uv": [4, 10, 5, 11], "texture": "#5"},
				"east": {"uv": [5, 3, 6, 4], "texture": "#5"},
				"south": {"uv": [5, 3, 6, 4], "texture": "#5"},
				"west": {"uv": [5, 3, 6, 4], "texture": "#5"},
				"up": {"uv": [5, 3, 6, 4], "texture": "#5"},
				"down": {"uv": [5, 3, 6, 4], "texture": "#5"}
			}
		},
		{
			"from": [11.46385, 1.00004, 2.37971],
			"to": [12.19385, 1.73004, 3.10971],
			"rotation": {"angle": -22.5, "axis": "y", "origin": [11.82885, 1.36504, 2.74471]},
			"faces": {
				"north": {"uv": [5, 3, 6, 4], "texture": "#5"},
				"east": {"uv": [5, 3, 6, 4], "texture": "#5"},
				"south": {"uv": [5, 3, 6, 4], "texture": "#5"},
				"west": {"uv": [5, 3, 6, 4], "texture": "#5"},
				"up": {"uv": [5, 3, 6, 4], "texture": "#5"},
				"down": {"uv": [5, 3, 6, 4], "texture": "#5"}
			}
		},
		{
			"from": [5.76985, 1.00004, 1.72271],
			"to": [6.49985, 1.73004, 2.45271],
			"rotation": {"angle": -45, "axis": "y", "origin": [6.13485, 1.36504, 2.08771]},
			"faces": {
				"north": {"uv": [1, 12, 2, 13], "texture": "#5"},
				"east": {"uv": [1, 12, 2, 13], "texture": "#5"},
				"south": {"uv": [1, 12, 2, 13], "texture": "#5"},
				"west": {"uv": [1, 12, 2, 13], "texture": "#5"},
				"up": {"uv": [1, 12, 2, 13], "texture": "#5"},
				"down": {"uv": [1, 12, 2, 13], "texture": "#5"}
			}
		}
	],
	"groups": [
		{
			"name": "furnace",
			"origin": [14, 8, 8],
			"children": [0, 1, 2, 3, 4, 5, 6, 7, 8, 9, 10, 11, 12, 13, 14, 15, 16, 17, 18, 19, 20, 21, 22, 23, 24, 25, 26, 27, 28, 29, 30, 31, 32]
		},
		{
			"name": "lit",
			"origin": [14, 8, 8],
			"children": [33, 34, 35, 36,
				{
					"name": "coal",
					"origin": [8, 8, 8],
					"children": [37, 38, 39, 40, 41, 42, 43]
				}
			]
		}
	]
}