{
	"credit": "Made with Blockbench",
	"textures": {
		"0": "block/nether_wart_stage2",
		"particle": "block/nether_wart_stage2"
	},
	"elements": [
		{
			"from": [10.442, 4.263, 10.356],
			"to": [12.962, 4.683, 12.876],
			"rotation": {"angle": -45, "axis": "y", "origin": [11.702, 4.5675, 11.616]},
			"faces": {
				"north": {"uv": [1, 3, 6, 3.575], "texture": "#0"},
				"east": {"uv": [1, 3, 6, 3.575], "texture": "#0"},
				"south": {"uv": [1, 3, 6, 3.575], "texture": "#0"},
				"west": {"uv": [1, 3, 6, 3.575], "texture": "#0"},
				"up": {"uv": [10, 5, 14.999, 10], "texture": "#0"}
			}
		},
		{
			"from": [2.385, 3.5175, 2.525],
			"to": [4.485, 3.8675, 4.625],
			"rotation": {"angle": 0, "axis": "y", "origin": [3.435, 3.77125, 3.575]},
			"faces": {
				"north": {"uv": [1, 3, 6, 3.575], "texture": "#0"},
				"east": {"uv": [1, 3, 6, 3.575], "texture": "#0"},
				"south": {"uv": [1, 3, 6, 3.575], "texture": "#0"},
				"west": {"uv": [1, 3, 6, 3.575], "texture": "#0"},
				"up": {"uv": [10, 5, 14.999, 10], "rotation": 90, "texture": "#0"}
			}
		},
		{
			"from": [6.76, -0.2825, 2.525],
			"to": [8.86, 0.0675, 4.625],
			"rotation": {"angle": 0, "axis": "y", "origin": [7.81, -0.02875, 3.575]},
			"faces": {
				"north": {"uv": [1, 3, 6, 3.575], "texture": "#0"},
				"east": {"uv": [1, 3, 6, 3.575], "texture": "#0"},
				"south": {"uv": [1, 3, 6, 3.575], "texture": "#0"},
				"west": {"uv": [1, 3, 6, 3.575], "texture": "#0"},
				"up": {"uv": [10, 5, 14.999, 10], "rotation": 90, "texture": "#0"}
			}
		},
		{
			"from": [6.76, -0.2825, 7.15],
			"to": [8.86, 0.4175, 9.25],
			"rotation": {"angle": 22.5, "axis": "y", "origin": [7.81, -0.02875, 8.2]},
			"faces": {
				"north": {"uv": [1, 3, 6, 3.575], "texture": "#0"},
				"east": {"uv": [1, 3, 6, 3.575], "texture": "#0"},
				"south": {"uv": [1, 3, 6, 3.575], "texture": "#0"},
				"west": {"uv": [1, 3, 6, 3.575], "texture": "#0"},
				"up": {"uv": [10, 5, 14.999, 10], "rotation": 180, "texture": "#0"}
			}
		},
		{
			"from": [11.71, -0.2825, 6.825],
			"to": [13.385, 0.0675, 8.55],
			"rotation": {"angle": -45, "axis": "y", "origin": [12.76, -0.02875, 7.875]},
			"faces": {
				"north": {"uv": [1, 3, 6, 3.575], "texture": "#0"},
				"east": {"uv": [1, 3, 6, 3.575], "texture": "#0"},
				"south": {"uv": [1, 3, 6, 3.575], "texture": "#0"},
				"west": {"uv": [1, 3, 6, 3.575], "texture": "#0"},
				"up": {"uv": [10, 5, 14.999, 10], "rotation": 90, "texture": "#0"}
			}
		},
		{
			"from": [6.585, -0.2825, 12.9],
			"to": [8.31, 0.0675, 14.575],
			"rotation": {"angle": 22.5, "axis": "y", "origin": [7.26, -0.02875, 13.95]},
			"faces": {
				"north": {"uv": [1, 3, 6, 3.575], "texture": "#0"},
				"east": {"uv": [1, 3, 6, 3.575], "texture": "#0"},
				"south": {"uv": [1, 3, 6, 3.575], "texture": "#0"},
				"west": {"uv": [1, 3, 6, 3.575], "texture": "#0"},
				"up": {"uv": [10, 5, 14.999, 10], "rotation": 180, "texture": "#0"}
			}
		},
		{
			"from": [2.71, -0.2825, 7],
			"to": [4.385, 0.0425, 8.725],
			"rotation": {"angle": -45, "axis": "y", "origin": [3.76, -0.02875, 8.05]},
			"faces": {
				"north": {"uv": [1, 3, 6, 3.575], "texture": "#0"},
				"east": {"uv": [1, 3, 6, 3.575], "texture": "#0"},
				"south": {"uv": [1, 3, 6, 3.575], "texture": "#0"},
				"west": {"uv": [1, 3, 6, 3.575], "texture": "#0"},
				"up": {"uv": [10, 5, 14.999, 10], "rotation": 90, "texture": "#0"}
			}
		},
		{
			"from": [11.1903, 2.74365, 3.3725],
			"to": [12.8283, 3.01665, 5.0105],
			"rotation": {"angle": -22.5, "axis": "y", "origin": [12.0093, 2.94157, 4.1915]},
			"faces": {
				"north": {"uv": [1, 3, 6, 3.575], "texture": "#0"},
				"east": {"uv": [1, 3, 6, 3.575], "texture": "#0"},
				"south": {"uv": [1, 3, 6, 3.575], "texture": "#0"},
				"west": {"uv": [1, 3, 6, 3.575], "texture": "#0"},
				"up": {"uv": [10, 5, 14.999, 10], "rotation": 90, "texture": "#0"}
			}
		},
		{
			"from": [2.9153, 1.99365, 11.3225],
			"to": [4.5533, 2.26665, 12.9605],
			"rotation": {"angle": -22.5, "axis": "y", "origin": [3.7343, 2.19157, 12.1415]},
			"faces": {
				"north": {"uv": [1, 3, 6, 3.575], "texture": "#0"},
				"east": {"uv": [1, 3, 6, 3.575], "texture": "#0"},
				"south": {"uv": [1, 3, 6, 3.575], "texture": "#0"},
				"west": {"uv": [1, 3, 6, 3.575], "texture": "#0"},
				"up": {"uv": [10, 5, 14.999, 10], "rotation": 90, "texture": "#0"}
			}
		},
		{
			"from": [10.022, 3.591, 9.936],
			"to": [13.382, 4.263, 13.296],
			"rotation": {"angle": -45, "axis": "y", "origin": [11.702, 4.1475, 11.616]},
			"faces": {
				"north": {"uv": [1, 3, 6, 3.575], "texture": "#0"},
				"east": {"uv": [1, 3, 6, 3.575], "texture": "#0"},
				"south": {"uv": [1, 3, 6, 3.575], "texture": "#0"},
				"west": {"uv": [1, 3, 6, 3.575], "texture": "#0"},
				"up": {"uv": [10, 5, 14.999, 10], "texture": "#0"}
			}
		},
		{
			"from": [2.035, 2.9575, 2.175],
			"to": [4.835, 3.5175, 4.975],
			"rotation": {"angle": 0, "axis": "y", "origin": [3.435, 3.77125, 3.575]},
			"faces": {
				"north": {"uv": [1, 3, 6, 3.575], "texture": "#0"},
				"east": {"uv": [1, 3, 6, 3.575], "texture": "#0"},
				"south": {"uv": [1, 3, 6, 3.575], "texture": "#0"},
				"west": {"uv": [1, 3, 6, 3.575], "texture": "#0"},
				"up": {"uv": [10, 5, 14.999, 10], "rotation": 90, "texture": "#0"}
			}
		},
		{
			"from": [10.9173, 2.30685, 3.0995],
			"to": [13.1013, 2.74365, 5.3085],
			"rotation": {"angle": -22.5, "axis": "y", "origin": [12.0093, 2.94157, 4.1915]},
			"faces": {
				"north": {"uv": [1, 3, 6, 3.575], "texture": "#0"},
				"east": {"uv": [1, 3, 6, 3.575], "texture": "#0"},
				"south": {"uv": [1, 3, 6, 3.575], "texture": "#0"},
				"west": {"uv": [1, 3, 6, 3.575], "texture": "#0"},
				"up": {"uv": [10, 5, 14.999, 10], "rotation": 90, "texture": "#0"}
			}
		},
		{
			"from": [2.6423, 1.55685, 11.0495],
			"to": [4.8263, 1.99365, 13.2585],
			"rotation": {"angle": -22.5, "axis": "y", "origin": [3.7343, 2.19157, 12.1415]},
			"faces": {
				"north": {"uv": [1, 3, 6, 3.575], "texture": "#0"},
				"east": {"uv": [1, 3, 6, 3.575], "texture": "#0"},
				"south": {"uv": [1, 3, 6, 3.575], "texture": "#0"},
				"west": {"uv": [1, 3, 6, 3.575], "texture": "#0"},
				"up": {"uv": [10, 5, 14.999, 10], "rotation": 90, "texture": "#0"}
			}
		},
		{
			"from": [10.022, 1.008, 9.936],
			"to": [13.382, 1.386, 13.296],
			"rotation": {"angle": -45, "axis": "y", "origin": [11.702, 1.2705, 11.616]},
			"faces": {
				"north": {"uv": [1, 3, 6, 3.575], "texture": "#0"},
				"east": {"uv": [1, 3, 6, 3.575], "texture": "#0"},
				"south": {"uv": [1, 3, 6, 3.575], "texture": "#0"},
				"west": {"uv": [1, 3, 6, 3.575], "texture": "#0"},
				"down": {"uv": [10, 5, 14.999, 10], "texture": "#0"}
			}
		},
		{
			"from": [2.035, 0.805, 2.175],
			"to": [4.835, 1.12, 4.975],
			"rotation": {"angle": 0, "axis": "y", "origin": [3.435, 3.77125, 3.575]},
			"faces": {
				"north": {"uv": [1, 3, 6, 3.575], "texture": "#0"},
				"east": {"uv": [1, 3, 6, 3.575], "texture": "#0"},
				"south": {"uv": [1, 3, 6, 3.575], "texture": "#0"},
				"west": {"uv": [1, 3, 6, 3.575], "texture": "#0"},
				"down": {"uv": [10, 5, 14.999, 10], "rotation": 270, "texture": "#0"}
			}
		},
		{
			"from": [10.9173, 0.6279, 3.0995],
			"to": [13.1013, 0.8736, 5.2835],
			"rotation": {"angle": -22.5, "axis": "y", "origin": [12.0093, 2.94157, 4.1915]},
			"faces": {
				"north": {"uv": [1, 3, 6, 3.575], "texture": "#0"},
				"east": {"uv": [1, 3, 6, 3.575], "texture": "#0"},
				"south": {"uv": [1, 3, 6, 3.575], "texture": "#0"},
				"west": {"uv": [1, 3, 6, 3.575], "texture": "#0"},
				"down": {"uv": [10, 5, 14.999, 10], "rotation": 270, "texture": "#0"}
			}
		},
		{
			"from": [2.6423, -0.1221, 11.0495],
			"to": [4.8263, 0.1236, 13.2335],
			"rotation": {"angle": -22.5, "axis": "y", "origin": [3.7343, 2.19157, 12.1415]},
			"faces": {
				"north": {"uv": [1, 3, 6, 3.575], "texture": "#0"},
				"east": {"uv": [1, 3, 6, 3.575], "texture": "#0"},
				"south": {"uv": [1, 3, 6, 3.575], "texture": "#0"},
				"west": {"uv": [1, 3, 6, 3.575], "texture": "#0"},
				"down": {"uv": [10, 5, 14.999, 10], "rotation": 270, "texture": "#0"}
			}
		},
		{
			"from": [9.602, 1.344, 9.516],
			"to": [13.592, 3.612, 13.716],
			"rotation": {"angle": -45, "axis": "y", "origin": [11.702, 3.4545, 11.616]},
			"faces": {
				"north": {"uv": [1, 3, 6, 5.999], "texture": "#0"},
				"east": {"uv": [1, 3, 6, 5.998], "texture": "#0"},
				"south": {"uv": [1, 3, 6, 5.999], "texture": "#0"},
				"west": {"uv": [1, 3, 6, 5.999], "texture": "#0"},
				"up": {"uv": [10, 5, 14.999, 10], "texture": "#0"},
				"down": {"uv": [10, 5, 14.999, 10], "texture": "#0"}
			}
		},
		{
			"from": [1.685, 1.085, 1.825],
			"to": [5.185, 2.975, 5.15],
			"rotation": {"angle": 0, "axis": "y", "origin": [3.435, 3.77125, 3.575]},
			"faces": {
				"north": {"uv": [1, 3, 6, 5.999], "texture": "#0"},
				"east": {"uv": [1, 3, 6, 5.999], "texture": "#0"},
				"south": {"uv": [1, 3, 6, 5.998], "texture": "#0"},
				"west": {"uv": [1, 3, 6, 5.999], "texture": "#0"},
				"up": {"uv": [10, 5, 14.999, 10], "rotation": 90, "texture": "#0"},
				"down": {"uv": [10, 5, 14.999, 10], "rotation": 270, "texture": "#0"}
			}
		},
		{
			"from": [10.6443, 0.8463, 2.8265],
			"to": [13.3743, 2.3205, 5.545],
			"rotation": {"angle": -22.5, "axis": "y", "origin": [12.0093, 2.94157, 4.1915]},
			"faces": {
				"north": {"uv": [1, 3, 6, 5.999], "texture": "#0"},
				"east": {"uv": [1, 3, 6, 5.999], "texture": "#0"},
				"south": {"uv": [1, 3, 6, 5.998], "texture": "#0"},
				"west": {"uv": [1, 3, 6, 5.999], "texture": "#0"},
				"up": {"uv": [10, 5, 14.999, 10], "rotation": 90, "texture": "#0"},
				"down": {"uv": [10, 5, 14.999, 10], "rotation": 270, "texture": "#0"}
			}
		},
		{
			"from": [2.3693, 0.0963, 10.7765],
			"to": [5.0993, 1.5705, 13.495],
			"rotation": {"angle": -22.5, "axis": "y", "origin": [3.7343, 2.19157, 12.1415]},
			"faces": {
				"north": {"uv": [1, 3, 6, 5.999], "texture": "#0"},
				"east": {"uv": [1, 3, 6, 5.999], "texture": "#0"},
				"south": {"uv": [1, 3, 6, 5.998], "texture": "#0"},
				"west": {"uv": [1, 3, 6, 5.999], "texture": "#0"},
				"up": {"uv": [10, 5, 14.999, 10], "rotation": 90, "texture": "#0"},
				"down": {"uv": [10, 5, 14.999, 10], "rotation": 270, "texture": "#0"}
			}
		},
		{
			"from": [10.442, -0.462, 10.356],
			"to": [12.752, 1.932, 12.876],
			"rotation": {"angle": -45, "axis": "y", "origin": [11.702, 1.7745, 11.616]},
			"faces": {
				"north": {"uv": [1, 3, 6, 3.575], "texture": "#0"},
				"east": {"uv": [1, 3, 6, 3.575], "texture": "#0"},
				"south": {"uv": [1, 3, 6, 3.575], "texture": "#0"},
				"west": {"uv": [1, 3, 6, 3.575], "texture": "#0"},
				"up": {"uv": [10, 5, 14.999, 10], "texture": "#0"}
			}
		},
		{
			"from": [2.385, -0.42, 2.525],
			"to": [4.485, 1.575, 4.45],
			"rotation": {"angle": 0, "axis": "y", "origin": [3.435, 3.77125, 3.575]},
			"faces": {
				"north": {"uv": [1, 3, 6, 3.575], "texture": "#0"},
				"east": {"uv": [1, 3, 6, 3.575], "texture": "#0"},
				"south": {"uv": [1, 3, 6, 3.575], "texture": "#0"},
				"west": {"uv": [1, 3, 6, 3.575], "texture": "#0"},
				"up": {"uv": [10, 5, 14.999, 10], "rotation": 90, "texture": "#0"}
			}
		},
		{
			"from": [11.1903, -0.3276, 3.3725],
			"to": [12.8283, 1.2285, 4.874],
			"rotation": {"angle": -22.5, "axis": "y", "origin": [12.0093, 2.94157, 4.1915]},
			"faces": {
				"north": {"uv": [1, 3, 6, 3.575], "texture": "#0"},
				"east": {"uv": [1, 3, 6, 3.575], "texture": "#0"},
				"south": {"uv": [1, 3, 6, 3.575], "texture": "#0"},
				"west": {"uv": [1, 3, 6, 3.575], "texture": "#0"},
				"up": {"uv": [10, 5, 14.999, 10], "rotation": 90, "texture": "#0"}
			}
		},
		{
			"from": [2.9153, -1.0776, 11.3225],
			"to": [4.5533, 0.4785, 12.824],
			"rotation": {"angle": -22.5, "axis": "y", "origin": [3.7343, 2.19157, 12.1415]},
			"faces": {
				"north": {"uv": [1, 3, 6, 3.575], "texture": "#0"},
				"east": {"uv": [1, 3, 6, 3.575], "texture": "#0"},
				"south": {"uv": [1, 3, 6, 3.575], "texture": "#0"},
				"west": {"uv": [1, 3, 6, 3.575], "texture": "#0"},
				"up": {"uv": [10, 5, 14.999, 10], "rotation": 90, "texture": "#0"}
			}
		}
	]
}