{
	"credit": "Made with Blockbench",
	"textures": {
		"0": "block/nether_wart_stage2",
		"particle": "block/nether_wart_stage2"
	},
	"elements": [
		{
			"from": [10.0188, 9.2932, 10.4484],
			"to": [13.3468, 9.8812, 13.7764],
			"rotation": {"angle": -45, "axis": "y", "origin": [11.6828, 9.7195, 12.1124]},
			"faces": {
				"north": {"uv": [1, 3, 6, 3.575], "texture": "#0"},
				"east": {"uv": [1, 3, 6, 3.575], "texture": "#0"},
				"south": {"uv": [1, 3, 6, 3.575], "texture": "#0"},
				"west": {"uv": [1, 3, 6, 3.575], "texture": "#0"},
				"up": {"uv": [10, 5, 14.999, 10], "texture": "#0"}
			}
		},
		{
			"from": [2.087, 4.596, 2.28],
			"to": [4.407, 5.016, 4.5],
			"rotation": {"angle": 0, "axis": "y", "origin": [3.247, 4.9005, 3.44]},
			"faces": {
				"north": {"uv": [1, 3, 6, 3.575], "texture": "#0"},
				"east": {"uv": [1, 3, 6, 3.575], "texture": "#0"},
				"south": {"uv": [1, 3, 6, 3.575], "texture": "#0"},
				"west": {"uv": [1, 3, 6, 3.575], "texture": "#0"},
				"up": {"uv": [10, 5, 14.999, 10], "rotation": 90, "texture": "#0"}
			}
		},
		{
			"from": [11.31045, 6.34047, 2.43375],
			"to": [13.56745, 6.74998, 4.69075],
			"rotation": {"angle": -22.5, "axis": "y", "origin": [12.43895, 6.63736, 3.56225]},
			"faces": {
				"north": {"uv": [1, 3, 6, 3.575], "texture": "#0"},
				"east": {"uv": [1, 3, 6, 3.575], "texture": "#0"},
				"south": {"uv": [1, 3, 6, 3.575], "texture": "#0"},
				"west": {"uv": [1, 3, 6, 3.575], "texture": "#0"},
				"up": {"uv": [10, 5, 14.999, 10], "rotation": 90, "texture": "#0"}
			}
		},
		{
			"from": [2.63142, 4.06611, 11.5015],
			"to": [4.72462, 4.44831, 13.5947],
			"rotation": {"angle": -22.5, "axis": "y", "origin": [3.67802, 4.3432, 12.5481]},
			"faces": {
				"north": {"uv": [1, 3, 6, 3.575], "texture": "#0"},
				"east": {"uv": [1, 3, 6, 3.575], "texture": "#0"},
				"south": {"uv": [1, 3, 6, 3.575], "texture": "#0"},
				"west": {"uv": [1, 3, 6, 3.575], "texture": "#0"},
				"up": {"uv": [10, 5, 14.999, 10], "rotation": 90, "texture": "#0"}
			}
		},
		{
			"from": [3.13634, 0.11138, 7.39378],
			"to": [4.1288, 0.31012, 8.38624],
			"rotation": {"angle": -45, "axis": "y", "origin": [3.63257, 0.25547, 7.89001]},
			"faces": {
				"north": {"uv": [1, 3, 6, 3.575], "texture": "#0"},
				"east": {"uv": [1, 3, 6, 3.575], "texture": "#0"},
				"south": {"uv": [1, 3, 6, 3.575], "texture": "#0"},
				"west": {"uv": [1, 3, 6, 3.575], "texture": "#0"},
				"up": {"uv": [10, 5, 14.999, 10], "rotation": 90, "texture": "#0"}
			}
		},
		{
			"from": [7.31134, -0.08862, 2.99378],
			"to": [8.3038, 0.11012, 3.98624],
			"rotation": {"angle": 0, "axis": "y", "origin": [7.80757, 0.05547, 3.49001]},
			"faces": {
				"north": {"uv": [1, 3, 6, 3.575], "texture": "#0"},
				"east": {"uv": [1, 3, 6, 3.575], "texture": "#0"},
				"south": {"uv": [1, 3, 6, 3.575], "texture": "#0"},
				"west": {"uv": [1, 3, 6, 3.575], "texture": "#0"},
				"up": {"uv": [10, 5, 14.999, 10], "rotation": 180, "texture": "#0"}
			}
		},
		{
			"from": [6.92587, 2.62093, 7.11129],
			"to": [8.39532, 2.89917, 8.58074],
			"rotation": {"angle": -45, "axis": "y", "origin": [7.6606, 2.82265, 7.84602]},
			"faces": {
				"north": {"uv": [1, 3, 6, 3.575], "texture": "#0"},
				"east": {"uv": [1, 3, 6, 3.575], "texture": "#0"},
				"south": {"uv": [1, 3, 6, 3.575], "texture": "#0"},
				"west": {"uv": [1, 3, 6, 3.575], "texture": "#0"},
				"up": {"uv": [10, 5, 14.999, 10], "rotation": 90, "texture": "#0"}
			}
		},
		{
			"from": [6.86311, 0.61715, 13.0479],
			"to": [7.83173, 0.81192, 14.01652],
			"rotation": {"angle": 22.5, "axis": "y", "origin": [7.34742, 0.75836, 13.53221]},
			"faces": {
				"north": {"uv": [1, 3, 6, 3.575], "texture": "#0"},
				"east": {"uv": [1, 3, 6, 3.575], "texture": "#0"},
				"south": {"uv": [1, 3, 6, 3.575], "texture": "#0"},
				"west": {"uv": [1, 3, 6, 3.575], "texture": "#0"},
				"up": {"uv": [10, 5, 14.999, 10], "rotation": 180, "texture": "#0"}
			}
		},
		{
			"from": [12.33634, 1.31138, 7.04378],
			"to": [13.3288, 1.51012, 8.03624],
			"rotation": {"angle": -45, "axis": "y", "origin": [12.83257, 1.45547, 7.54001]},
			"faces": {
				"north": {"uv": [1, 3, 6, 3.575], "texture": "#0"},
				"east": {"uv": [1, 3, 6, 3.575], "texture": "#0"},
				"south": {"uv": [1, 3, 6, 3.575], "texture": "#0"},
				"west": {"uv": [1, 3, 6, 3.575], "texture": "#0"},
				"up": {"uv": [10, 5, 14.999, 10], "rotation": 90, "texture": "#0"}
			}
		},
		{
			"from": [9.4308, 8.3524, 9.8604],
			"to": [13.9348, 9.2932, 14.3644],
			"rotation": {"angle": -45, "axis": "y", "origin": [11.6828, 9.1315, 12.1124]},
			"faces": {
				"north": {"uv": [1, 3, 6, 3.575], "texture": "#0"},
				"east": {"uv": [1, 3, 6, 3.575], "texture": "#0"},
				"south": {"uv": [1, 3, 6, 3.575], "texture": "#0"},
				"west": {"uv": [1, 3, 6, 3.575], "texture": "#0"},
				"up": {"uv": [10, 5, 14.999, 10], "texture": "#0"}
			}
		},
		{
			"from": [1.667, 3.924, 1.86],
			"to": [4.827, 4.596, 5.16],
			"rotation": {"angle": 0, "axis": "y", "origin": [3.247, 4.9005, 3.44]},
			"faces": {
				"north": {"uv": [1, 3, 6, 3.575], "texture": "#0"},
				"east": {"uv": [1, 3, 6, 3.575], "texture": "#0"},
				"south": {"uv": [1, 3, 6, 3.575], "texture": "#0"},
				"west": {"uv": [1, 3, 6, 3.575], "texture": "#0"},
				"up": {"uv": [10, 5, 14.999, 10], "rotation": 90, "texture": "#0"}
			}
		},
		{
			"from": [10.90095, 5.68527, 2.02425],
			"to": [13.97695, 6.34047, 5.13775],
			"rotation": {"angle": -22.5, "axis": "y", "origin": [12.43895, 6.63736, 3.56225]},
			"faces": {
				"north": {"uv": [1, 3, 6, 3.575], "texture": "#0"},
				"east": {"uv": [1, 3, 6, 3.575], "texture": "#0"},
				"south": {"uv": [1, 3, 6, 3.575], "texture": "#0"},
				"west": {"uv": [1, 3, 6, 3.575], "texture": "#0"},
				"up": {"uv": [10, 5, 14.999, 10], "rotation": 90, "texture": "#0"}
			}
		},
		{
			"from": [2.24922, 3.45459, 11.1193],
			"to": [5.10682, 4.06611, 14.0119],
			"rotation": {"angle": -22.5, "axis": "y", "origin": [3.67802, 4.3432, 12.5481]},
			"faces": {
				"north": {"uv": [1, 3, 6, 3.575], "texture": "#0"},
				"east": {"uv": [1, 3, 6, 3.575], "texture": "#0"},
				"south": {"uv": [1, 3, 6, 3.575], "texture": "#0"},
				"west": {"uv": [1, 3, 6, 3.575], "texture": "#0"},
				"up": {"uv": [10, 5, 14.999, 10], "rotation": 90, "texture": "#0"}
			}
		},
		{
			"from": [2.93759, -0.20661, 7.19504],
			"to": [4.32755, 0.11138, 8.60319],
			"rotation": {"angle": -45, "axis": "y", "origin": [3.63257, 0.25547, 7.89001]},
			"faces": {
				"north": {"uv": [1, 3, 6, 3.575], "texture": "#0"},
				"east": {"uv": [1, 3, 6, 3.575], "texture": "#0"},
				"south": {"uv": [1, 3, 6, 3.575], "texture": "#0"},
				"west": {"uv": [1, 3, 6, 3.575], "texture": "#0"},
				"up": {"uv": [10, 5, 14.999, 10], "rotation": 90, "texture": "#0"}
			}
		},
		{
			"from": [7.09439, -0.40661, 2.79504],
			"to": [8.50255, -0.08862, 4.18499],
			"rotation": {"angle": 0, "axis": "y", "origin": [7.80757, 0.05547, 3.49001]},
			"faces": {
				"north": {"uv": [1, 3, 6, 3.575], "texture": "#0"},
				"east": {"uv": [1, 3, 6, 3.575], "texture": "#0"},
				"south": {"uv": [1, 3, 6, 3.575], "texture": "#0"},
				"west": {"uv": [1, 3, 6, 3.575], "texture": "#0"},
				"up": {"uv": [10, 5, 14.999, 10], "rotation": 180, "texture": "#0"}
			}
		},
		{
			"from": [6.64763, 2.17574, 6.83305],
			"to": [8.67356, 2.62093, 8.88446],
			"rotation": {"angle": -45, "axis": "y", "origin": [7.6606, 2.82265, 7.84602]},
			"faces": {
				"north": {"uv": [1, 3, 6, 3.575], "texture": "#0"},
				"east": {"uv": [1, 3, 6, 3.575], "texture": "#0"},
				"south": {"uv": [1, 3, 6, 3.575], "texture": "#0"},
				"west": {"uv": [1, 3, 6, 3.575], "texture": "#0"},
				"up": {"uv": [10, 5, 14.999, 10], "rotation": 90, "texture": "#0"}
			}
		},
		{
			"from": [6.65051, 0.30552, 12.85314],
			"to": [8.0265, 0.61715, 14.21129],
			"rotation": {"angle": 22.5, "axis": "y", "origin": [7.34742, 0.75836, 13.53221]},
			"faces": {
				"north": {"uv": [1, 3, 6, 3.575], "texture": "#0"},
				"east": {"uv": [1, 3, 6, 3.575], "texture": "#0"},
				"south": {"uv": [1, 3, 6, 3.575], "texture": "#0"},
				"west": {"uv": [1, 3, 6, 3.575], "texture": "#0"},
				"up": {"uv": [10, 5, 14.999, 10], "rotation": 180, "texture": "#0"}
			}
		},
		{
			"from": [12.13759, 0.99339, 6.84504],
			"to": [13.52755, 1.31138, 8.25319],
			"rotation": {"angle": -45, "axis": "y", "origin": [12.83257, 1.45547, 7.54001]},
			"faces": {
				"north": {"uv": [1, 3, 6, 3.575], "texture": "#0"},
				"east": {"uv": [1, 3, 6, 3.575], "texture": "#0"},
				"south": {"uv": [1, 3, 6, 3.575], "texture": "#0"},
				"west": {"uv": [1, 3, 6, 3.575], "texture": "#0"},
				"up": {"uv": [10, 5, 14.999, 10], "rotation": 90, "texture": "#0"}
			}
		},
		{
			"from": [9.4308, 4.7362, 9.8604],
			"to": [13.7598, 5.2654, 14.3644],
			"rotation": {"angle": -45, "axis": "y", "origin": [11.6828, 5.1037, 12.1124]},
			"faces": {
				"north": {"uv": [1, 3, 6, 3.575], "texture": "#0"},
				"east": {"uv": [1, 3, 6, 3.575], "texture": "#0"},
				"south": {"uv": [1, 3, 6, 3.575], "texture": "#0"},
				"west": {"uv": [1, 3, 6, 3.575], "texture": "#0"},
				"down": {"uv": [10, 5, 14.999, 10], "texture": "#0"}
			}
		},
		{
			"from": [1.567, 1.341, 1.76],
			"to": [4.927, 1.719, 5.26],
			"rotation": {"angle": 0, "axis": "y", "origin": [3.247, 4.9005, 3.44]},
			"faces": {
				"north": {"uv": [1, 3, 6, 3.575], "texture": "#0"},
				"east": {"uv": [1, 3, 6, 3.575], "texture": "#0"},
				"south": {"uv": [1, 3, 6, 3.575], "texture": "#0"},
				"west": {"uv": [1, 3, 6, 3.575], "texture": "#0"},
				"down": {"uv": [10, 5, 14.999, 10], "rotation": 270, "texture": "#0"}
			}
		},
		{
			"from": [10.80095, 3.16685, 1.92425],
			"to": [14.07695, 3.5354, 5.20025],
			"rotation": {"angle": -22.5, "axis": "y", "origin": [12.43895, 6.63736, 3.56225]},
			"faces": {
				"north": {"uv": [1, 3, 6, 3.575], "texture": "#0"},
				"east": {"uv": [1, 3, 6, 3.575], "texture": "#0"},
				"south": {"uv": [1, 3, 6, 3.575], "texture": "#0"},
				"west": {"uv": [1, 3, 6, 3.575], "texture": "#0"},
				"down": {"uv": [10, 5, 14.999, 10], "rotation": 270, "texture": "#0"}
			}
		},
		{
			"from": [2.24922, 1.10406, 11.1193],
			"to": [5.10682, 1.44804, 13.9769],
			"rotation": {"angle": -22.5, "axis": "y", "origin": [3.67802, 4.3432, 12.5481]},
			"faces": {
				"north": {"uv": [1, 3, 6, 3.575], "texture": "#0"},
				"east": {"uv": [1, 3, 6, 3.575], "texture": "#0"},
				"south": {"uv": [1, 3, 6, 3.575], "texture": "#0"},
				"west": {"uv": [1, 3, 6, 3.575], "texture": "#0"},
				"down": {"uv": [10, 5, 14.999, 10], "rotation": 270, "texture": "#0"}
			}
		},
		{
			"from": [6.54763, 0.46456, 6.73305],
			"to": [8.77356, 0.71497, 8.95898],
			"rotation": {"angle": -45, "axis": "y", "origin": [7.6606, 2.82265, 7.84602]},
			"faces": {
				"north": {"uv": [1, 3, 6, 3.575], "texture": "#0"},
				"east": {"uv": [1, 3, 6, 3.575], "texture": "#0"},
				"south": {"uv": [1, 3, 6, 3.575], "texture": "#0"},
				"west": {"uv": [1, 3, 6, 3.575], "texture": "#0"},
				"down": {"uv": [10, 5, 14.999, 10], "rotation": 270, "texture": "#0"}
			}
		},
		{
			"from": [12.03759, -0.22889, 6.74504],
			"to": [13.62755, -0.05002, 8.33499],
			"rotation": {"angle": -45, "axis": "y", "origin": [12.83257, 1.45547, 7.54001]},
			"faces": {
				"north": {"uv": [1, 3, 6, 3.575], "texture": "#0"},
				"east": {"uv": [1, 3, 6, 3.575], "texture": "#0"},
				"south": {"uv": [1, 3, 6, 3.575], "texture": "#0"},
				"west": {"uv": [1, 3, 6, 3.575], "texture": "#0"},
				"down": {"uv": [10, 5, 14.999, 10], "rotation": 270, "texture": "#0"}
			}
		},
		{
			"from": [8.8428, 5.2066, 9.2224],
			"to": [14.5038, 8.3818, 14.9524],
			"rotation": {"angle": -45, "axis": "y", "origin": [11.6828, 8.1613, 12.1124]},
			"faces": {
				"north": {"uv": [1, 3, 6, 5.999], "texture": "#0"},
				"east": {"uv": [1, 3, 6, 5.998], "texture": "#0"},
				"south": {"uv": [1, 3, 6, 5.999], "texture": "#0"},
				"west": {"uv": [1, 3, 6, 5.999], "texture": "#0"},
				"up": {"uv": [10, 5, 14.999, 10], "texture": "#0"},
				"down": {"uv": [10, 5, 14.999, 10], "texture": "#0"}
			}
		},
		{
			"from": [1.247, 1.677, 1.44],
			"to": [5.247, 3.945, 5.37],
			"rotation": {"angle": 0, "axis": "y", "origin": [3.247, 4.9005, 3.44]},
			"faces": {
				"north": {"uv": [1, 3, 6, 5.999], "texture": "#0"},
				"east": {"uv": [1, 3, 6, 5.999], "texture": "#0"},
				"south": {"uv": [1, 3, 6, 5.998], "texture": "#0"},
				"west": {"uv": [1, 3, 6, 5.999], "texture": "#0"},
				"up": {"uv": [10, 5, 14.999, 10], "rotation": 90, "texture": "#0"},
				"down": {"uv": [10, 5, 14.999, 10], "rotation": 270, "texture": "#0"}
			}
		},
		{
			"from": [10.49145, 3.49445, 1.61475],
			"to": [14.38645, 5.70575, 5.4925],
			"rotation": {"angle": -22.5, "axis": "y", "origin": [12.43895, 6.63736, 3.56225]},
			"faces": {
				"north": {"uv": [1, 3, 6, 5.999], "texture": "#0"},
				"east": {"uv": [1, 3, 6, 5.999], "texture": "#0"},
				"south": {"uv": [1, 3, 6, 5.998], "texture": "#0"},
				"west": {"uv": [1, 3, 6, 5.999], "texture": "#0"},
				"up": {"uv": [10, 5, 14.999, 10], "rotation": 90, "texture": "#0"},
				"down": {"uv": [10, 5, 14.999, 10], "rotation": 270, "texture": "#0"}
			}
		},
		{
			"from": [1.86702, 1.40982, 10.7371],
			"to": [5.48902, 3.4737, 14.343],
			"rotation": {"angle": -22.5, "axis": "y", "origin": [3.67802, 4.3432, 12.5481]},
			"faces": {
				"north": {"uv": [1, 3, 6, 5.999], "texture": "#0"},
				"east": {"uv": [1, 3, 6, 5.999], "texture": "#0"},
				"south": {"uv": [1, 3, 6, 5.998], "texture": "#0"},
				"west": {"uv": [1, 3, 6, 5.999], "texture": "#0"},
				"up": {"uv": [10, 5, 14.999, 10], "rotation": 90, "texture": "#0"},
				"down": {"uv": [10, 5, 14.999, 10], "rotation": 270, "texture": "#0"}
			}
		},
		{
			"from": [6.36939, 0.68715, 6.55481],
			"to": [8.95181, 2.18965, 9.1255],
			"rotation": {"angle": -45, "axis": "y", "origin": [7.6606, 2.82265, 7.84602]},
			"faces": {
				"north": {"uv": [1, 3, 6, 5.999], "texture": "#0"},
				"east": {"uv": [1, 3, 6, 5.999], "texture": "#0"},
				"south": {"uv": [1, 3, 6, 5.998], "texture": "#0"},
				"west": {"uv": [1, 3, 6, 5.999], "texture": "#0"},
				"up": {"uv": [10, 5, 14.999, 10], "rotation": 90, "texture": "#0"},
				"down": {"uv": [10, 5, 14.999, 10], "rotation": 270, "texture": "#0"}
			}
		},
		{
			"from": [6.48178, -0.7365, 12.65837],
			"to": [8.22126, 0.31526, 14.40606],
			"rotation": {"angle": 22.5, "axis": "y", "origin": [7.34742, 0.75836, 13.53221]},
			"faces": {
				"north": {"uv": [1, 3, 6, 5.999], "texture": "#0"},
				"east": {"uv": [1, 3, 6, 5.999], "texture": "#0"},
				"south": {"uv": [1, 3, 6, 5.999], "texture": "#0"},
				"west": {"uv": [1, 3, 6, 5.998], "texture": "#0"},
				"up": {"uv": [10, 5, 14.999, 10], "rotation": 180, "texture": "#0"},
				"down": {"uv": [10, 5, 14.999, 10], "rotation": 180, "texture": "#0"}
			}
		},
		{
			"from": [11.93885, -0.06989, 6.64629],
			"to": [13.72629, 1.00332, 8.42536],
			"rotation": {"angle": -45, "axis": "y", "origin": [12.83257, 1.45547, 7.54001]},
			"faces": {
				"north": {"uv": [1, 3, 6, 5.999], "texture": "#0"},
				"east": {"uv": [1, 3, 6, 5.999], "texture": "#0"},
				"south": {"uv": [1, 3, 6, 5.998], "texture": "#0"},
				"west": {"uv": [1, 3, 6, 5.999], "texture": "#0"},
				"up": {"uv": [10, 5, 14.999, 10], "rotation": 90, "texture": "#0"},
				"down": {"uv": [10, 5, 14.999, 10], "rotation": 270, "texture": "#0"}
			}
		},
		{
			"from": [10.1688, 3.1532, 10.7234],
			"to": [13.0528, 6.4548, 13.5514],
			"rotation": {"angle": -45, "axis": "y", "origin": [11.6828, 13.8093, 12.1124]},
			"faces": {
				"north": {"uv": [1, 3, 6, 3.575], "texture": "#0"},
				"east": {"uv": [1, 3, 6, 3.575], "texture": "#0"},
				"south": {"uv": [1, 3, 6, 3.575], "texture": "#0"},
				"west": {"uv": [1, 3, 6, 3.575], "texture": "#0"},
				"down": {"uv": [10, 5, 14.999, 10], "texture": "#0"}
			}
		},
		{
			"from": [10.3438, -0.6468, 10.8484],
			"to": [12.8528, 1.0048, 13.3014],
			"rotation": {"angle": -45, "axis": "y", "origin": [11.6828, 9.0593, 12.1124]},
			"faces": {
				"north": {"uv": [1, 3, 6, 3.575], "texture": "#0"},
				"east": {"uv": [1, 3, 6, 3.575], "texture": "#0"},
				"south": {"uv": [1, 3, 6, 3.575], "texture": "#0"},
				"west": {"uv": [1, 3, 6, 3.575], "texture": "#0"},
				"up": {"uv": [10, 5, 14.999, 10], "texture": "#0"}
			}
		},
		{
			"from": [10.5188, 0.8782, 11.0234],
			"to": [12.6778, 3.4298, 13.1264],
			"rotation": {"angle": -45, "axis": "y", "origin": [11.6828, 10.7843, 12.1124]},
			"faces": {
				"north": {"uv": [1, 3, 6, 3.575], "texture": "#0"},
				"east": {"uv": [1, 3, 6, 3.575], "texture": "#0"},
				"south": {"uv": [1, 3, 6, 3.575], "texture": "#0"},
				"west": {"uv": [1, 3, 6, 3.575], "texture": "#0"}
			}
		},
		{
			"from": [2.087, -1.479, 2.28],
			"to": [4.407, 2.265, 4.63],
			"rotation": {"angle": 0, "axis": "y", "origin": [3.247, 4.9005, 3.44]},
			"faces": {
				"north": {"uv": [1, 3, 6, 3.575], "texture": "#0"},
				"east": {"uv": [1, 3, 6, 3.575], "texture": "#0"},
				"south": {"uv": [1, 3, 6, 3.575], "texture": "#0"},
				"west": {"uv": [1, 3, 6, 3.575], "texture": "#0"},
				"up": {"uv": [10, 5, 14.999, 10], "rotation": 90, "texture": "#0"}
			}
		},
		{
			"from": [11.61045, -0.4664, 2.73375],
			"to": [13.26745, 2.56775, 4.186],
			"rotation": {"angle": -22.5, "axis": "y", "origin": [12.43895, 8.63736, 3.56225]},
			"faces": {
				"north": {"uv": [1, 3, 6, 3.575], "texture": "#0"},
				"east": {"uv": [1, 3, 6, 3.575], "texture": "#0"},
				"south": {"uv": [1, 3, 6, 3.575], "texture": "#0"},
				"west": {"uv": [1, 3, 6, 3.575], "texture": "#0"}
			}
		},
		{
			"from": [11.31045, 2.3336, 2.43375],
			"to": [13.56745, 3.86775, 4.486],
			"rotation": {"angle": -22.5, "axis": "y", "origin": [12.43895, 8.83736, 3.56225]},
			"faces": {
				"north": {"uv": [1, 3, 6, 3.575], "texture": "#0"},
				"east": {"uv": [1, 3, 6, 3.575], "texture": "#0"},
				"south": {"uv": [1, 3, 6, 3.575], "texture": "#0"},
				"west": {"uv": [1, 3, 6, 3.575], "texture": "#0"},
				"down": {"uv": [10, 5, 14.999, 10], "rotation": 90, "texture": "#0"}
			}
		},
		{
			"from": [3.03142, -1.10864, 11.6515],
			"to": [4.49962, 0.5199, 13.1786],
			"rotation": {"angle": -22.5, "axis": "y", "origin": [3.67802, 5.4682, 12.5481]},
			"faces": {
				"north": {"uv": [1, 3, 6, 3.575], "texture": "#0"},
				"east": {"uv": [1, 3, 6, 3.575], "texture": "#0"},
				"south": {"uv": [1, 3, 6, 3.575], "texture": "#0"},
				"west": {"uv": [1, 3, 6, 3.575], "texture": "#0"}
			}
		},
		{
			"from": [2.85642, 0.36636, 11.5015],
			"to": [4.67462, 1.2199, 13.4036],
			"rotation": {"angle": -22.5, "axis": "y", "origin": [3.67802, 5.6432, 12.5481]},
			"faces": {
				"north": {"uv": [1, 3, 6, 3.575], "texture": "#0"},
				"east": {"uv": [1, 3, 6, 3.575], "texture": "#0"},
				"south": {"uv": [1, 3, 6, 3.575], "texture": "#0"},
				"west": {"uv": [1, 3, 6, 3.575], "texture": "#0"},
				"down": {"uv": [10, 5, 14.999, 10], "rotation": 90, "texture": "#0"}
			}
		},
		{
			"from": [6.92587, -0.57729, 7.11129],
			"to": [8.39532, 1.07669, 8.44162],
			"rotation": {"angle": -45, "axis": "y", "origin": [7.6606, 2.82265, 7.84602]},
			"faces": {
				"north": {"uv": [1, 3, 6, 3.575], "texture": "#0"},
				"east": {"uv": [1, 3, 6, 3.575], "texture": "#0"},
				"south": {"uv": [1, 3, 6, 3.575], "texture": "#0"},
				"west": {"uv": [1, 3, 6, 3.575], "texture": "#0"},
				"up": {"uv": [10, 5, 14.999, 10], "rotation": 90, "texture": "#0"}
			}
		}
	]
}