{
	"credit": "Made with Blockbench",
	"parent": "minecraft:block/cube",
	"textures": {
		"4": "block/oak_planks",
		"up": "block/smithing_table_top",
		"particle": "block/smithing_table_front",
		"north": "block/smithing_table_front",
		"east": "block/smithing_table_side",
		"down": "block/smithing_table_bottom"
	},
	"elements": [
		{
			"from": [-0.25, 12, -0.25],
			"to": [16.25, 16.025, 16.25],
			"faces": {
				"north": {"uv": [0, 0, 16, 4], "texture": "#east"},
				"east": {"uv": [0, 0, 16, 4], "texture": "#north"},
				"south": {"uv": [0, 0, 16, 4], "texture": "#east"},
				"west": {"uv": [0, 0, 16, 4], "texture": "#north"},
				"up": {"uv": [0, 0, 16, 16], "texture": "#up"},
				"down": {"uv": [0, 0, 16, 16], "texture": "#up"}
			}
		},
		{
			"from": [2, 0, 0],
			"to": [14, 1, 2],
			"rotation": {"angle": 0, "axis": "y", "origin": [8, -4, 8]},
			"faces": {
				"north": {"uv": [2, 0, 14, 1], "texture": "#east"},
				"east": {"uv": [14, 15, 16, 16], "texture": "#north"},
				"south": {"uv": [2, 15, 14, 16], "texture": "#east"},
				"west": {"uv": [0, 15, 2, 16], "texture": "#north"},
				"up": {"uv": [2, 0, 14, 2], "texture": "#up"},
				"down": {"uv": [2, 14, 14, 16], "texture": "#up"}
			}
		},
		{
			"from": [2, 0, 14],
			"to": [14, 1, 16],
			"rotation": {"angle": 0, "axis": "y", "origin": [8, -4, 22]},
			"faces": {
				"north": {"uv": [2, 15, 14, 16], "texture": "#east"},
				"east": {"uv": [0, 15, 2, 16], "texture": "#north"},
				"south": {"uv": [2, 0, 14, 1], "texture": "#east"},
				"west": {"uv": [14, 15, 16, 16], "texture": "#north"},
				"up": {"uv": [2, 14, 14, 16], "texture": "#up"},
				"down": {"uv": [2, 0, 14, 2], "texture": "#up"}
			}
		},
		{
			"from": [0, 0, 2],
			"to": [16, 1, 14],
			"rotation": {"angle": 0, "axis": "y", "origin": [8, -4, 20]},
			"faces": {
				"north": {"uv": [0, 15, 16, 16], "texture": "#up"},
				"east": {"uv": [2, 0, 14, 1], "texture": "#up"},
				"south": {"uv": [0, 15, 16, 16], "texture": "#up"},
				"west": {"uv": [2, 0, 14, 1], "texture": "#up"},
				"up": {"uv": [0, 2, 16, 14], "texture": "#up"},
				"down": {"uv": [0, 2, 16, 14], "texture": "#up"}
			}
		},
		{
			"from": [14, 0, 14],
			"to": [16, 12, 16],
			"rotation": {"angle": 0, "axis": "y", "origin": [8, 4, 8]},
			"faces": {
				"north": {"uv": [0, 4, 2, 16], "texture": "#east"},
				"east": {"uv": [0, 4, 2, 16], "texture": "#north"},
				"south": {"uv": [14, 4, 16, 16], "texture": "#east"},
				"west": {"uv": [14, 4, 16, 16], "texture": "#north"},
				"up": {"uv": [14, 14, 16, 16], "texture": "#up"},
				"down": {"uv": [14, 0, 16, 2], "texture": "#down"}
			}
		},
		{
			"from": [14, 0, 0],
			"to": [16, 12, 2],
			"rotation": {"angle": 0, "axis": "y", "origin": [8, 4, -6]},
			"faces": {
				"north": {"uv": [0, 4, 2, 16], "texture": "#east"},
				"east": {"uv": [14, 4, 16, 16], "texture": "#north"},
				"south": {"uv": [14, 4, 16, 16], "texture": "#east"},
				"west": {"uv": [0, 4, 2, 16], "texture": "#north"},
				"up": {"uv": [14, 0, 16, 2], "texture": "#up"},
				"down": {"uv": [14, 14, 16, 16], "texture": "#down"}
			}
		},
		{
			"from": [0, 0, 0],
			"to": [2, 12, 2],
			"rotation": {"angle": 0, "axis": "y", "origin": [-6, 4, -6]},
			"faces": {
				"north": {"uv": [14, 4, 16, 16], "texture": "#east"},
				"east": {"uv": [14, 4, 16, 16], "texture": "#north"},
				"south": {"uv": [0, 4, 2, 16], "texture": "#east"},
				"west": {"uv": [0, 4, 2, 16], "texture": "#north"},
				"up": {"uv": [0, 0, 2, 2], "texture": "#up"},
				"down": {"uv": [0, 14, 2, 16], "texture": "#down"}
			}
		},
		{
			"from": [0, 0, 14],
			"to": [2, 12, 16],
			"rotation": {"angle": 0, "axis": "y", "origin": [-6, 4, 8]},
			"faces": {
				"north": {"uv": [14, 4, 16, 16], "texture": "#east"},
				"east": {"uv": [0, 4, 2, 16], "texture": "#north"},
				"south": {"uv": [0, 4, 2, 16], "texture": "#east"},
				"west": {"uv": [14, 4, 16, 16], "texture": "#north"},
				"up": {"uv": [0, 14, 2, 16], "texture": "#up"},
				"down": {"uv": [0, 0, 2, 2], "texture": "#down"}
			}
		},
		{
			"from": [2, 1, 2],
			"to": [14, 12, 14],
			"rotation": {"angle": 0, "axis": "y", "origin": [10, 9, 10]},
			"faces": {
				"north": {"uv": [2, 4, 14, 15], "texture": "#east"},
				"east": {"uv": [2, 4, 14, 15], "texture": "#east"},
				"south": {"uv": [2, 4, 14, 15], "texture": "#east"},
				"west": {"uv": [2, 4, 14, 15], "texture": "#east"},
				"up": {"uv": [2, 4, 14, 15], "texture": "#east"},
				"down": {"uv": [2, 4, 14, 15], "texture": "#east"}
			}
		},
		{
			"from": [8, 7, -0.25],
			"to": [13, 9, 1.75],
			"rotation": {"angle": 0, "axis": "y", "origin": [20, 15, 7.75]},
			"faces": {
				"north": {"uv": [1, 1, 6, 3], "texture": "#up"},
				"east": {"uv": [1, 1, 3, 3], "texture": "#up"},
				"south": {"uv": [1, 1, 6, 3], "texture": "#up"},
				"west": {"uv": [3, 1, 5, 3], "texture": "#up"},
				"up": {"uv": [1, 1, 6, 3], "texture": "#up"},
				"down": {"uv": [1, 1, 6, 3], "texture": "#up"}
			}
		},
		{
			"from": [3, 7, 14.25],
			"to": [8, 9, 16.25],
			"rotation": {"angle": 0, "axis": "y", "origin": [15, 15, 22.25]},
			"faces": {
				"north": {"uv": [1, 1, 6, 3], "texture": "#up"},
				"east": {"uv": [1, 1, 3, 3], "texture": "#up"},
				"south": {"uv": [1, 1, 6, 3], "texture": "#up"},
				"west": {"uv": [3, 1, 5, 3], "texture": "#up"},
				"up": {"uv": [1, 1, 6, 3], "texture": "#up"},
				"down": {"uv": [1, 1, 6, 3], "texture": "#up"}
			}
		},
		{
			"from": [11.5, 6.5, 0],
			"to": [12.5, 7, 2],
			"rotation": {"angle": 0, "axis": "y", "origin": [19.75, 14.5, 8]},
			"faces": {
				"north": {"uv": [10, 3, 11, 4], "texture": "#up"},
				"east": {"uv": [10, 3, 11, 4], "texture": "#up"},
				"south": {"uv": [10, 3, 11, 4], "texture": "#up"},
				"west": {"uv": [10, 3, 11, 4], "texture": "#up"},
				"up": {"uv": [10, 3, 11, 4], "texture": "#up"},
				"down": {"uv": [10, 3, 11, 4], "texture": "#up"}
			}
		},
		{
			"from": [6.5, 6.5, 14],
			"to": [7.5, 7, 16],
			"rotation": {"angle": 0, "axis": "y", "origin": [14.75, 14.5, 22]},
			"faces": {
				"north": {"uv": [10, 3, 11, 4], "texture": "#up"},
				"east": {"uv": [10, 3, 11, 4], "texture": "#up"},
				"south": {"uv": [10, 3, 11, 4], "texture": "#up"},
				"west": {"uv": [10, 3, 11, 4], "texture": "#up"},
				"up": {"uv": [10, 3, 11, 4], "texture": "#up"},
				"down": {"uv": [10, 3, 11, 4], "texture": "#up"}
			}
		},
		{
			"from": [8.5, 6.5, 0],
			"to": [9.5, 7, 2],
			"rotation": {"angle": 0, "axis": "y", "origin": [16.75, 14.5, 8]},
			"faces": {
				"north": {"uv": [10, 3, 11, 4], "texture": "#up"},
				"east": {"uv": [10, 3, 11, 4], "texture": "#up"},
				"south": {"uv": [10, 3, 11, 4], "texture": "#up"},
				"west": {"uv": [10, 3, 11, 4], "texture": "#up"},
				"up": {"uv": [10, 3, 11, 4], "texture": "#up"},
				"down": {"uv": [10, 3, 11, 4], "texture": "#up"}
			}
		},
		{
			"from": [3.5, 6.5, 14],
			"to": [4.5, 7, 16],
			"rotation": {"angle": 0, "axis": "y", "origin": [11.75, 14.5, 22]},
			"faces": {
				"north": {"uv": [10, 3, 11, 4], "texture": "#up"},
				"east": {"uv": [10, 3, 11, 4], "texture": "#up"},
				"south": {"uv": [10, 3, 11, 4], "texture": "#up"},
				"west": {"uv": [10, 3, 11, 4], "texture": "#up"},
				"up": {"uv": [10, 3, 11, 4], "texture": "#up"},
				"down": {"uv": [10, 3, 11, 4], "texture": "#up"}
			}
		},
		{
			"from": [10, 2, 0.25],
			"to": [11, 10, 1.25],
			"rotation": {"angle": 0, "axis": "y", "origin": [20, 15, 8.25]},
			"faces": {
				"north": {"uv": [1, 9, 9, 10], "rotation": 90, "texture": "#4"},
				"east": {"uv": [1, 9, 9, 10], "rotation": 90, "texture": "#4"},
				"south": {"uv": [1, 9, 9, 10], "rotation": 90, "texture": "#4"},
				"west": {"uv": [1, 9, 9, 10], "rotation": 90, "texture": "#4"},
				"up": {"uv": [3, 5, 4, 6], "rotation": 90, "texture": "#4"},
				"down": {"uv": [4, 5, 5, 6], "rotation": 90, "texture": "#4"}
			}
		},
		{
			"from": [5, 2, 14.75],
			"to": [6, 10, 15.75],
			"rotation": {"angle": 0, "axis": "y", "origin": [15, 15, 22.75]},
			"faces": {
				"north": {"uv": [1, 9, 9, 10], "rotation": 90, "texture": "#4"},
				"east": {"uv": [1, 9, 9, 10], "rotation": 90, "texture": "#4"},
				"south": {"uv": [1, 9, 9, 10], "rotation": 90, "texture": "#4"},
				"west": {"uv": [1, 9, 9, 10], "rotation": 90, "texture": "#4"},
				"up": {"uv": [3, 5, 4, 6], "rotation": 90, "texture": "#4"},
				"down": {"uv": [4, 5, 5, 6], "rotation": 90, "texture": "#4"}
			}
		},
		{
			"from": [14.25, 4, 12],
			"to": [15.25, 7, 13],
			"rotation": {"angle": 0, "axis": "y", "origin": [24.25, 17, 20]},
			"faces": {
				"north": {"uv": [3, 9, 4, 12], "texture": "#north"},
				"east": {"uv": [3, 9, 4, 12], "texture": "#north"},
				"south": {"uv": [3, 9, 4, 12], "texture": "#north"},
				"west": {"uv": [3, 9, 4, 12], "texture": "#north"},
				"up": {"uv": [3, 9, 4, 10], "texture": "#north"},
				"down": {"uv": [3, 11, 4, 12], "texture": "#north"}
			}
		},
		{
			"from": [0.75, 4, 3],
			"to": [1.75, 7, 4],
			"rotation": {"angle": 0, "axis": "y", "origin": [10.75, 17, -4]},
			"faces": {
				"north": {"uv": [4, 9, 3, 12], "texture": "#north"},
				"east": {"uv": [4, 9, 3, 12], "texture": "#north"},
				"south": {"uv": [4, 9, 3, 12], "texture": "#north"},
				"west": {"uv": [4, 9, 3, 12], "texture": "#north"},
				"up": {"uv": [3, 10, 4, 9], "texture": "#north"},
				"down": {"uv": [3, 12, 4, 11], "texture": "#north"}
			}
		},
		{
			"from": [14.25, 4, 10],
			"to": [15.25, 8, 11],
			"rotation": {"angle": 0, "axis": "y", "origin": [24.25, 18, 18]},
			"faces": {
				"north": {"uv": [5, 8, 6, 12], "texture": "#north"},
				"east": {"uv": [5, 8, 6, 12], "texture": "#north"},
				"south": {"uv": [5, 8, 6, 12], "texture": "#north"},
				"west": {"uv": [10, 8, 11, 12], "texture": "#north"},
				"up": {"uv": [5, 8, 6, 9], "texture": "#north"},
				"down": {"uv": [5, 11, 6, 12], "texture": "#north"}
			}
		},
		{
			"from": [0.75, 4, 5],
			"to": [1.75, 8, 6],
			"rotation": {"angle": 0, "axis": "y", "origin": [10.75, 18, -2]},
			"faces": {
				"north": {"uv": [6, 8, 5, 12], "texture": "#north"},
				"east": {"uv": [6, 8, 5, 12], "texture": "#north"},
				"south": {"uv": [6, 8, 5, 12], "texture": "#north"},
				"west": {"uv": [6, 8, 5, 12], "texture": "#north"},
				"up": {"uv": [5, 9, 6, 8], "texture": "#north"},
				"down": {"uv": [5, 12, 6, 11], "texture": "#north"}
			}
		},
		{
			"from": [14.5, 7, 12],
			"to": [15, 10, 13],
			"rotation": {"angle": 0, "axis": "y", "origin": [24, 20, 20]},
			"faces": {
				"north": {"uv": [3, 5, 6, 6], "rotation": 90, "texture": "#up"},
				"east": {"uv": [3, 5, 6, 6], "rotation": 90, "texture": "#up"},
				"south": {"uv": [3, 5, 6, 6], "rotation": 90, "texture": "#up"},
				"west": {"uv": [3, 5, 6, 6], "rotation": 90, "texture": "#up"},
				"up": {"uv": [3, 5, 4, 6], "rotation": 90, "texture": "#up"},
				"down": {"uv": [3, 5, 6, 6], "rotation": 90, "texture": "#up"}
			}
		},
		{
			"from": [1, 7, 3],
			"to": [1.5, 10, 4],
			"rotation": {"angle": 0, "axis": "y", "origin": [10.5, 20, -4]},
			"faces": {
				"north": {"uv": [3, 6, 6, 5], "rotation": 90, "texture": "#up"},
				"east": {"uv": [3, 6, 6, 5], "rotation": 90, "texture": "#up"},
				"south": {"uv": [3, 6, 6, 5], "rotation": 90, "texture": "#up"},
				"west": {"uv": [3, 6, 6, 5], "rotation": 90, "texture": "#up"},
				"up": {"uv": [4, 5, 3, 6], "rotation": 90, "texture": "#up"},
				"down": {"uv": [6, 5, 3, 6], "rotation": 90, "texture": "#up"}
			}
		},
		{
			"from": [14.5, 8, 10],
			"to": [15, 11, 11],
			"rotation": {"angle": 0, "axis": "y", "origin": [24, 21, 18]},
			"faces": {
				"north": {"uv": [11, 1, 14, 2], "rotation": 90, "texture": "#up"},
				"east": {"uv": [11, 1, 14, 2], "rotation": 90, "texture": "#up"},
				"south": {"uv": [11, 1, 14, 2], "rotation": 90, "texture": "#up"},
				"west": {"uv": [11, 1, 14, 2], "rotation": 90, "texture": "#up"},
				"up": {"uv": [13, 1, 14, 2], "rotation": 90, "texture": "#up"},
				"down": {"uv": [11, 1, 14, 2], "rotation": 90, "texture": "#up"}
			}
		},
		{
			"from": [1, 8, 5],
			"to": [1.5, 11, 6],
			"rotation": {"angle": 0, "axis": "y", "origin": [10.5, 21, -2]},
			"faces": {
				"north": {"uv": [11, 2, 14, 1], "rotation": 90, "texture": "#up"},
				"east": {"uv": [11, 2, 14, 1], "rotation": 90, "texture": "#up"},
				"south": {"uv": [11, 2, 14, 1], "rotation": 90, "texture": "#up"},
				"west": {"uv": [11, 2, 14, 1], "rotation": 90, "texture": "#up"},
				"up": {"uv": [14, 1, 13, 2], "rotation": 90, "texture": "#up"},
				"down": {"uv": [14, 1, 11, 2], "rotation": 90, "texture": "#up"}
			}
		},
		{
			"from": [14.25, 3, 5],
			"to": [15.25, 5, 6],
			"rotation": {"angle": 0, "axis": "y", "origin": [7.25, 6, 6]},
			"faces": {
				"north": {"uv": [7, 9, 8, 11], "texture": "#up"},
				"east": {"uv": [7, 11, 8, 9], "rotation": 180, "texture": "#up"},
				"south": {"uv": [7, 9, 8, 11], "texture": "#up"},
				"west": {"uv": [7, 9, 8, 11], "texture": "#up"},
				"up": {"uv": [8, 9, 7, 10], "rotation": 270, "texture": "#up"},
				"down": {"uv": [7, 10, 8, 11], "rotation": 270, "texture": "#up"}
			}
		},
		{
			"from": [0.75, 3, 10],
			"to": [1.75, 5, 11],
			"rotation": {"angle": 0, "axis": "y", "origin": [-6.25, 6, 10]},
			"faces": {
				"north": {"uv": [8, 9, 7, 11], "texture": "#up"},
				"east": {"uv": [8, 11, 7, 9], "rotation": 180, "texture": "#up"},
				"south": {"uv": [8, 9, 7, 11], "texture": "#up"},
				"west": {"uv": [8, 9, 7, 11], "texture": "#up"},
				"up": {"uv": [7, 9, 8, 10], "rotation": 270, "texture": "#up"},
				"down": {"uv": [8, 10, 7, 11], "rotation": 270, "texture": "#up"}
			}
		},
		{
			"from": [14.25, 5, 6],
			"to": [15.25, 7, 7],
			"rotation": {"angle": 0, "axis": "y", "origin": [7.25, 6, 6]},
			"faces": {
				"north": {"uv": [8, 7, 9, 9], "texture": "#up"},
				"east": {"uv": [8, 9, 9, 7], "rotation": 180, "texture": "#up"},
				"south": {"uv": [8, 7, 9, 9], "texture": "#up"},
				"west": {"uv": [8, 7, 9, 9], "texture": "#up"},
				"up": {"uv": [9, 7, 8, 8], "rotation": 270, "texture": "#up"},
				"down": {"uv": [8, 8, 9, 9], "rotation": 270, "texture": "#up"}
			}
		},
		{
			"from": [0.75, 5, 9],
			"to": [1.75, 7, 10],
			"rotation": {"angle": 0, "axis": "y", "origin": [-6.25, 6, 10]},
			"faces": {
				"north": {"uv": [9, 7, 8, 9], "texture": "#up"},
				"east": {"uv": [9, 9, 8, 7], "rotation": 180, "texture": "#up"},
				"south": {"uv": [9, 7, 8, 9], "texture": "#up"},
				"west": {"uv": [9, 7, 8, 9], "texture": "#up"},
				"up": {"uv": [8, 7, 9, 8], "rotation": 270, "texture": "#up"},
				"down": {"uv": [9, 8, 8, 9], "rotation": 270, "texture": "#up"}
			}
		},
		{
			"from": [14.25, 5, 4],
			"to": [15.25, 7, 5],
			"rotation": {"angle": 0, "axis": "y", "origin": [7.25, 6, 6]},
			"faces": {
				"north": {"uv": [6, 7, 7, 9], "texture": "#up"},
				"east": {"uv": [6, 9, 7, 7], "rotation": 180, "texture": "#up"},
				"south": {"uv": [6, 7, 7, 9], "texture": "#up"},
				"west": {"uv": [6, 7, 7, 9], "texture": "#up"},
				"up": {"uv": [7, 7, 6, 8], "rotation": 270, "texture": "#up"},
				"down": {"uv": [6, 8, 7, 9], "rotation": 270, "texture": "#up"}
			}
		},
		{
			"from": [0.75, 5, 11],
			"to": [1.75, 7, 12],
			"rotation": {"angle": 0, "axis": "y", "origin": [-6.25, 6, 10]},
			"faces": {
				"north": {"uv": [7, 7, 6, 9], "texture": "#up"},
				"east": {"uv": [7, 9, 6, 7], "rotation": 180, "texture": "#up"},
				"south": {"uv": [7, 7, 6, 9], "texture": "#up"},
				"west": {"uv": [7, 7, 6, 9], "texture": "#up"},
				"up": {"uv": [6, 7, 7, 8], "rotation": 270, "texture": "#up"},
				"down": {"uv": [7, 8, 6, 9], "rotation": 270, "texture": "#up"}
			}
		},
		{
			"from": [14.25, 7, 7],
			"to": [15.25, 9, 8],
			"rotation": {"angle": 0, "axis": "y", "origin": [7.25, 6, 6]},
			"faces": {
				"north": {"uv": [9, 5, 10, 7], "texture": "#up"},
				"east": {"uv": [9, 7, 10, 5], "rotation": 180, "texture": "#up"},
				"south": {"uv": [9, 5, 10, 7], "texture": "#up"},
				"west": {"uv": [9, 5, 10, 7], "texture": "#up"},
				"up": {"uv": [10, 5, 9, 6], "rotation": 270, "texture": "#up"},
				"down": {"uv": [9, 6, 10, 7], "rotation": 270, "texture": "#up"}
			}
		},
		{
			"from": [0.75, 7, 8],
			"to": [1.75, 9, 9],
			"rotation": {"angle": 0, "axis": "y", "origin": [-6.25, 6, 10]},
			"faces": {
				"north": {"uv": [10, 5, 9, 7], "texture": "#up"},
				"east": {"uv": [10, 7, 9, 5], "rotation": 180, "texture": "#up"},
				"south": {"uv": [10, 5, 9, 7], "texture": "#up"},
				"west": {"uv": [10, 5, 9, 7], "texture": "#up"},
				"up": {"uv": [9, 5, 10, 6], "rotation": 270, "texture": "#up"},
				"down": {"uv": [10, 6, 9, 7], "rotation": 270, "texture": "#up"}
			}
		},
		{
			"from": [14.25, 7, 3],
			"to": [15.25, 9, 4],
			"rotation": {"angle": 0, "axis": "y", "origin": [7.25, 6, 6]},
			"faces": {
				"north": {"uv": [5, 5, 6, 7], "texture": "#up"},
				"east": {"uv": [5, 7, 6, 5], "rotation": 180, "texture": "#up"},
				"south": {"uv": [5, 5, 6, 7], "texture": "#up"},
				"west": {"uv": [5, 5, 6, 7], "texture": "#up"},
				"up": {"uv": [6, 5, 5, 6], "rotation": 270, "texture": "#up"},
				"down": {"uv": [5, 6, 6, 7], "rotation": 270, "texture": "#up"}
			}
		},
		{
			"from": [0.75, 7, 12],
			"to": [1.75, 9, 13],
			"rotation": {"angle": 0, "axis": "y", "origin": [-6.25, 6, 10]},
			"faces": {
				"north": {"uv": [6, 5, 5, 7], "texture": "#up"},
				"east": {"uv": [6, 7, 5, 5], "rotation": 180, "texture": "#up"},
				"south": {"uv": [6, 5, 5, 7], "texture": "#up"},
				"west": {"uv": [6, 5, 5, 7], "texture": "#up"},
				"up": {"uv": [5, 5, 6, 6], "rotation": 270, "texture": "#up"},
				"down": {"uv": [6, 6, 5, 7], "rotation": 270, "texture": "#up"}
			}
		},
		{
			"from": [14.25, 9, 6],
			"to": [15.25, 10, 8],
			"rotation": {"angle": 0, "axis": "y", "origin": [7.25, 6, 6]},
			"faces": {
				"north": {"uv": [8, 4, 9, 5], "texture": "#up"},
				"east": {"uv": [8, 5, 10, 4], "rotation": 180, "texture": "#up"},
				"south": {"uv": [9, 4, 10, 5], "texture": "#up"},
				"west": {"uv": [8, 4, 10, 5], "texture": "#up"},
				"up": {"uv": [10, 4, 8, 5], "rotation": 270, "texture": "#up"},
				"down": {"uv": [8, 4, 10, 5], "rotation": 270, "texture": "#up"}
			}
		},
		{
			"from": [0.75, 9, 8],
			"to": [1.75, 10, 10],
			"rotation": {"angle": 0, "axis": "y", "origin": [-6.25, 6, 10]},
			"faces": {
				"north": {"uv": [10, 4, 9, 5], "texture": "#up"},
				"east": {"uv": [10, 5, 8, 4], "rotation": 180, "texture": "#up"},
				"south": {"uv": [9, 4, 8, 5], "texture": "#up"},
				"west": {"uv": [10, 4, 8, 5], "texture": "#up"},
				"up": {"uv": [8, 4, 10, 5], "rotation": 270, "texture": "#up"},
				"down": {"uv": [10, 4, 8, 5], "rotation": 270, "texture": "#up"}
			}
		},
		{
			"from": [14.25, 9, 3],
			"to": [15.25, 10, 5],
			"rotation": {"angle": 0, "axis": "y", "origin": [7.25, 6, 6]},
			"faces": {
				"north": {"uv": [5, 4, 6, 5], "texture": "#up"},
				"east": {"uv": [5, 5, 7, 4], "rotation": 180, "texture": "#up"},
				"south": {"uv": [6, 4, 7, 5], "texture": "#up"},
				"west": {"uv": [5, 4, 7, 5], "texture": "#up"},
				"up": {"uv": [7, 4, 5, 5], "rotation": 270, "texture": "#up"},
				"down": {"uv": [5, 4, 7, 5], "rotation": 270, "texture": "#up"}
			}
		},
		{
			"from": [0.75, 9, 11],
			"to": [1.75, 10, 13],
			"rotation": {"angle": 0, "axis": "y", "origin": [-6.25, 6, 10]},
			"faces": {
				"north": {"uv": [7, 4, 6, 5], "texture": "#up"},
				"east": {"uv": [7, 5, 5, 4], "rotation": 180, "texture": "#up"},
				"south": {"uv": [6, 4, 5, 5], "texture": "#up"},
				"west": {"uv": [7, 4, 5, 5], "texture": "#up"},
				"up": {"uv": [5, 4, 7, 5], "rotation": 270, "texture": "#up"},
				"down": {"uv": [7, 4, 5, 5], "rotation": 270, "texture": "#up"}
			}
		}
	]
}