{
	"credit": "Made with Blockbench",
	"parent": "spurce_trapdoor",
	"textures": {
		"0": "block/spruce_trapdoor",
		"particle": "block/spruce_trapdoor"
	},
	"elements": [
		{
			"from": [0, 11.2, 14],
			"to": [16, 15.2, 15],
			"faces": {
				"north": {"uv": [3, 0, 7, 16], "rotation": 90, "texture": "#0"},
				"east": {"uv": [0, 0, 4, 1], "rotation": 270, "texture": "#0"},
				"south": {"uv": [3, 0, 7, 16], "rotation": 90, "texture": "#0"},
				"west": {"uv": [0, 0, 4, 1], "rotation": 90, "texture": "#0"},
				"up": {"uv": [0, 0, 16, 1], "rotation": 180, "texture": "#0"},
				"down": {"uv": [0, 0, 16, 1], "texture": "#0"}
			}
		},
		{
			"from": [3.475, 0, 15],
			"to": [6.45, 16, 16],
			"faces": {
				"north": {"uv": [3, 0, 7, 16], "texture": "#0"},
				"east": {"uv": [0, 0, 16, 1], "rotation": 270, "texture": "#0"},
				"south": {"uv": [3, 0, 7, 16], "rotation": 180, "texture": "#0"},
				"west": {"uv": [0, 0, 16, 1], "rotation": 90, "texture": "#0"},
				"up": {"uv": [3, 15, 7, 16], "rotation": 180, "texture": "#0"},
				"down": {"uv": [3, 0, 7, 1], "rotation": 180, "texture": "#0"}
			}
		},
		{
			"from": [6.6, 0, 15],
			"to": [9.65, 16, 16],
			"faces": {
				"north": {"uv": [7, 0, 10, 16], "texture": "#0"},
				"east": {"uv": [0, 0, 16, 1], "rotation": 270, "texture": "#0"},
				"south": {"uv": [7, 0, 10, 16], "rotation": 180, "texture": "#0"},
				"west": {"uv": [0, 0, 16, 1], "rotation": 90, "texture": "#0"},
				"up": {"uv": [6, 15, 9, 16], "texture": "#0"},
				"down": {"uv": [7, 0, 10, 1], "rotation": 180, "texture": "#0"}
			}
		},
		{
			"from": [9.9, 0, 15],
			"to": [12.8, 16, 16],
			"faces": {
				"north": {"uv": [10, 0, 13, 16], "texture": "#0"},
				"east": {"uv": [0, 0, 16, 1], "rotation": 270, "texture": "#0"},
				"south": {"uv": [10, 0, 13, 16], "rotation": 180, "texture": "#0"},
				"west": {"uv": [0, 0, 16, 1], "rotation": 90, "texture": "#0"},
				"up": {"uv": [10, 15, 13, 16], "rotation": 180, "texture": "#0"},
				"down": {"uv": [10, 0, 13, 1], "rotation": 180, "texture": "#0"}
			}
		},
		{
			"from": [12.975, 0, 15],
			"to": [15.7, 16, 16],
			"faces": {
				"north": {"uv": [13, 0, 16, 16], "texture": "#0"},
				"east": {"uv": [0, 0, 16, 1], "rotation": 270, "texture": "#0"},
				"south": {"uv": [13, 0, 16, 16], "rotation": 180, "texture": "#0"},
				"west": {"uv": [0, 0, 16, 1], "rotation": 90, "texture": "#0"},
				"up": {"uv": [13, 15, 16, 16], "rotation": 180, "texture": "#0"},
				"down": {"uv": [13, 0, 16, 1], "rotation": 180, "texture": "#0"}
			}
		},
		{
			"from": [1.025, 0, 13],
			"to": [4.875, 16, 14],
			"faces": {
				"north": {"uv": [3, 0, 7, 16], "rotation": 180, "texture": "#0"},
				"east": {"uv": [0, 0, 16, 1], "rotation": 270, "texture": "#0"},
				"south": {"uv": [3, 0, 7, 16], "texture": "#0"},
				"west": {"uv": [0, 0, 16, 1], "rotation": 90, "texture": "#0"},
				"up": {"uv": [0, 0, 4, 1], "rotation": 180, "texture": "#0"},
				"down": {"uv": [0, 0, 4, 1], "texture": "#0"}
			}
		},
		{
			"from": [0, 1.3, 14],
			"to": [16, 5.2, 15],
			"faces": {
				"north": {"uv": [9, 0, 13, 16], "rotation": 270, "texture": "#0"},
				"east": {"uv": [0, 0, 4, 1], "rotation": 270, "texture": "#0"},
				"south": {"uv": [9, 0, 13, 16], "rotation": 270, "texture": "#0"},
				"west": {"uv": [0, 0, 4, 1], "rotation": 90, "texture": "#0"},
				"up": {"uv": [0, 0, 16, 1], "rotation": 180, "texture": "#0"},
				"down": {"uv": [0, 0, 16, 1], "texture": "#0"}
			}
		},
		{
			"from": [0.325, 0, 15],
			"to": [3.3, 16, 16],
			"faces": {
				"north": {"uv": [0, 0, 4, 16], "rotation": 180, "texture": "#0"},
				"east": {"uv": [0, 0, 16, 1], "rotation": 270, "texture": "#0"},
				"south": {"uv": [0, 0, 4, 16], "texture": "#0"},
				"west": {"uv": [0, 0, 16, 1], "rotation": 90, "texture": "#0"},
				"up": {"uv": [0, 15, 4, 16], "rotation": 180, "texture": "#0"},
				"down": {"uv": [0, 0, 4, 1], "texture": "#0"}
			}
		},
		{
			"from": [11.225, 0, 13],
			"to": [15.125, 16, 14],
			"faces": {
				"north": {"uv": [9, 0, 13, 16], "texture": "#0"},
				"east": {"uv": [0, 0, 16, 1], "rotation": 270, "texture": "#0"},
				"south": {"uv": [9, 0, 13, 16], "rotation": 180, "texture": "#0"},
				"west": {"uv": [0, 0, 16, 1], "rotation": 90, "texture": "#0"},
				"up": {"uv": [0, 0, 4, 1], "rotation": 180, "texture": "#0"},
				"down": {"uv": [0, 0, 4, 1], "texture": "#0"}
			}
		},
		{
			"from": [6.75, 14, 15.975],
			"to": [9.25, 15, 16.35],
			"faces": {
				"east": {"uv": [2, 3, 3, 4], "rotation": 270, "texture": "#0"},
				"south": {"uv": [2, 3, 3, 4], "texture": "#0"},
				"west": {"uv": [2, 3, 3, 4], "rotation": 90, "texture": "#0"},
				"up": {"uv": [2, 3, 3, 4], "rotation": 180, "texture": "#0"},
				"down": {"uv": [2, 3, 3, 4], "texture": "#0"}
			}
		},
		{
			"from": [6.75, 10.55, 15.975],
			"to": [9.25, 11.55, 16.35],
			"faces": {
				"east": {"uv": [2, 3, 3, 4], "rotation": 270, "texture": "#0"},
				"south": {"uv": [2, 3, 3, 4], "texture": "#0"},
				"west": {"uv": [2, 3, 3, 4], "rotation": 90, "texture": "#0"},
				"up": {"uv": [2, 3, 3, 4], "rotation": 180, "texture": "#0"},
				"down": {"uv": [2, 3, 3, 4], "texture": "#0"}
			}
		},
		{
			"from": [5.725, 11.525, 15.975],
			"to": [6.725, 14.025, 16.35],
			"faces": {
				"east": {"uv": [2, 3, 3, 4], "rotation": 270, "texture": "#0"},
				"south": {"uv": [2, 3, 3, 4], "rotation": 270, "texture": "#0"},
				"west": {"uv": [2, 3, 3, 4], "rotation": 90, "texture": "#0"},
				"up": {"uv": [2, 3, 3, 4], "rotation": 180, "texture": "#0"},
				"down": {"uv": [2, 3, 3, 4], "texture": "#0"}
			}
		},
		{
			"from": [9.275, 11.525, 15.975],
			"to": [10.275, 14.025, 16.35],
			"faces": {
				"east": {"uv": [2, 3, 3, 4], "rotation": 270, "texture": "#0"},
				"south": {"uv": [2, 3, 3, 4], "rotation": 270, "texture": "#0"},
				"west": {"uv": [2, 3, 3, 4], "rotation": 90, "texture": "#0"},
				"up": {"uv": [2, 3, 3, 4], "rotation": 180, "texture": "#0"},
				"down": {"uv": [2, 3, 3, 4], "texture": "#0"}
			}
		}
	]
}