{
	"credit": "Made with Blockbench",
	"textures": {
		"0": "block/sugar_cane",
		"particle": "block/sugar_cane"
	},
	"elements": [
		{
			"from": [1.875, 0, 1.98],
			"to": [3.275, 16, 3.38],
			"rotation": {"angle": 0, "axis": "y", "origin": [6.6875, 10.66667, 6.34625]},
			"faces": {
				"north": {"uv": [1, 0, 3, 16], "texture": "#0"},
				"east": {"uv": [1, 0, 3, 16], "texture": "#0"},
				"south": {"uv": [1, 0, 3, 16], "texture": "#0"},
				"west": {"uv": [1, 0, 3, 16], "texture": "#0"},
				"up": {"uv": [1, 0, 3, 2], "texture": "#0"},
				"down": {"uv": [0, 0, 0, 0], "texture": "#0"}
			}
		},
		{
			"from": [12.005, 0, 1.5725],
			"to": [13.405, 16, 2.9725],
			"rotation": {"angle": 0, "axis": "y", "origin": [8.8375, 10.66667, 5.92125]},
			"faces": {
				"north": {"uv": [1, 0, 3, 16], "texture": "#0"},
				"east": {"uv": [1, 0, 3, 16], "texture": "#0"},
				"south": {"uv": [1, 0, 3, 16], "texture": "#0"},
				"west": {"uv": [1, 0, 3, 16], "texture": "#0"},
				"up": {"uv": [1, 0, 3, 2], "texture": "#0"},
				"down": {"uv": [0, 0, 0, 0], "texture": "#0"}
			}
		},
		{
			"from": [2.245, 0, 12.365],
			"to": [3.645, 16, 13.765],
			"rotation": {"angle": 0, "axis": "y", "origin": [6.4625, 10.66667, 9.17125]},
			"faces": {
				"north": {"uv": [1, 0, 3, 16], "texture": "#0"},
				"east": {"uv": [1, 0, 3, 16], "texture": "#0"},
				"south": {"uv": [1, 0, 3, 16], "texture": "#0"},
				"west": {"uv": [1, 0, 3, 16], "texture": "#0"},
				"up": {"uv": [1, 0, 3, 2], "texture": "#0"},
				"down": {"uv": [0, 0, 0, 0], "texture": "#0"}
			}
		},
		{
			"from": [12.52, 0, 12.535],
			"to": [13.92, 16, 13.935],
			"rotation": {"angle": 0, "axis": "y", "origin": [9.3875, 10.66667, 8.92125]},
			"faces": {
				"north": {"uv": [1, 0, 3, 16], "texture": "#0"},
				"east": {"uv": [1, 0, 3, 16], "texture": "#0"},
				"south": {"uv": [1, 0, 3, 16], "texture": "#0"},
				"west": {"uv": [1, 0, 3, 16], "texture": "#0"},
				"up": {"uv": [1, 0, 3, 2], "texture": "#0"},
				"down": {"uv": [0, 0, 0, 0], "texture": "#0"}
			}
		},
		{
			"from": [9.76, 0, 9.295],
			"to": [11.16, 16, 10.695],
			"rotation": {"angle": 0, "axis": "y", "origin": [8.2375, 10.66667, 8.62125]},
			"faces": {
				"north": {"uv": [1, 0, 3, 16], "texture": "#0"},
				"east": {"uv": [1, 0, 3, 16], "texture": "#0"},
				"south": {"uv": [1, 0, 3, 16], "texture": "#0"},
				"west": {"uv": [1, 0, 3, 16], "texture": "#0"},
				"up": {"uv": [1, 0, 3, 2], "texture": "#0"},
				"down": {"uv": [0, 0, 0, 0], "texture": "#0"}
			}
		},
		{
			"from": [9.1825, 0, 4.7275],
			"to": [10.5825, 16, 6.1275],
			"rotation": {"angle": 0, "axis": "y", "origin": [8.5875, 10.66667, 7.22125]},
			"faces": {
				"north": {"uv": [1, 0, 3, 16], "texture": "#0"},
				"east": {"uv": [1, 0, 3, 16], "texture": "#0"},
				"south": {"uv": [1, 0, 3, 16], "texture": "#0"},
				"west": {"uv": [1, 0, 3, 16], "texture": "#0"},
				"up": {"uv": [1, 0, 3, 2], "texture": "#0"},
				"down": {"uv": [0, 0, 0, 0], "texture": "#0"}
			}
		},
		{
			"from": [4.7975, 0, 4.1575],
			"to": [6.1975, 16, 5.5575],
			"rotation": {"angle": 0, "axis": "y", "origin": [7.2125, 10.66667, 6.54625]},
			"faces": {
				"north": {"uv": [1, 0, 3, 16], "texture": "#0"},
				"east": {"uv": [1, 0, 3, 16], "texture": "#0"},
				"south": {"uv": [1, 0, 3, 16], "texture": "#0"},
				"west": {"uv": [1, 0, 3, 16], "texture": "#0"},
				"up": {"uv": [1, 0, 3, 2], "texture": "#0"},
				"down": {"uv": [0, 0, 0, 0], "texture": "#0"}
			}
		},
		{
			"from": [3.815, 0, 8.6125],
			"to": [5.215, 16, 10.0125],
			"rotation": {"angle": 0, "axis": "y", "origin": [6.3875, 10.66667, 8.09625]},
			"faces": {
				"north": {"uv": [1, 0, 3, 16], "texture": "#0"},
				"east": {"uv": [1, 0, 3, 16], "texture": "#0"},
				"south": {"uv": [1, 0, 3, 16], "texture": "#0"},
				"west": {"uv": [1, 0, 3, 16], "texture": "#0"},
				"up": {"uv": [1, 0, 3, 2], "texture": "#0"},
				"down": {"uv": [0, 0, 0, 0], "texture": "#0"}
			}
		},
		{
			"from": [1.175, 2, 1.98],
			"to": [1.875, 4, 1.98],
			"rotation": {"angle": 0, "axis": "y", "origin": [6.6875, 6.66667, 6.34625]},
			"faces": {
				"north": {"uv": [0, 8, 1, 10], "texture": "#0"},
				"south": {"uv": [0, 8, 1, 10], "texture": "#0"},
				"down": {"uv": [0, 9, 1, 10], "rotation": 90, "texture": "#0"}
			}
		},
		{
			"from": [11.305, 1, 1.5725],
			"to": [12.005, 3, 1.5725],
			"rotation": {"angle": 0, "axis": "y", "origin": [8.8375, 5.66667, 5.92125]},
			"faces": {
				"north": {"uv": [0, 8, 1, 10], "texture": "#0"},
				"south": {"uv": [0, 8, 1, 10], "texture": "#0"},
				"down": {"uv": [0, 9, 1, 10], "rotation": 90, "texture": "#0"}
			}
		},
		{
			"from": [1.545, 9, 12.365],
			"to": [2.245, 11, 12.365],
			"rotation": {"angle": 0, "axis": "y", "origin": [6.4625, 13.66667, 9.17125]},
			"faces": {
				"north": {"uv": [0, 8, 1, 10], "texture": "#0"},
				"south": {"uv": [0, 8, 1, 10], "texture": "#0"},
				"down": {"uv": [0, 9, 1, 10], "rotation": 90, "texture": "#0"}
			}
		},
		{
			"from": [11.82, 3, 12.535],
			"to": [12.52, 5, 12.535],
			"rotation": {"angle": 0, "axis": "y", "origin": [9.3875, 7.66667, 8.92125]},
			"faces": {
				"north": {"uv": [0, 8, 1, 10], "texture": "#0"},
				"south": {"uv": [0, 8, 1, 10], "texture": "#0"},
				"down": {"uv": [0, 9, 1, 10], "rotation": 90, "texture": "#0"}
			}
		},
		{
			"from": [9.06, 8, 9.295],
			"to": [9.76, 10, 9.295],
			"rotation": {"angle": 0, "axis": "y", "origin": [8.2375, 12.66667, 8.62125]},
			"faces": {
				"north": {"uv": [0, 8, 1, 10], "texture": "#0"},
				"south": {"uv": [0, 8, 1, 10], "texture": "#0"},
				"down": {"uv": [0, 9, 1, 10], "rotation": 90, "texture": "#0"}
			}
		},
		{
			"from": [8.4825, 6, 4.7275],
			"to": [9.1825, 8, 4.7275],
			"rotation": {"angle": 0, "axis": "y", "origin": [8.5875, 10.66667, 7.22125]},
			"faces": {
				"north": {"uv": [0, 8, 1, 10], "texture": "#0"},
				"south": {"uv": [0, 8, 1, 10], "texture": "#0"},
				"up": {"uv": [0, 0, 0, 0], "rotation": 270, "texture": "#0"},
				"down": {"uv": [0, 9, 1, 10], "rotation": 90, "texture": "#0"}
			}
		},
		{
			"from": [4.0975, 7, 4.1575],
			"to": [4.7975, 9, 4.1575],
			"rotation": {"angle": 0, "axis": "y", "origin": [7.2125, 11.66667, 6.54625]},
			"faces": {
				"north": {"uv": [0, 8, 1, 10], "texture": "#0"},
				"south": {"uv": [0, 8, 1, 10], "texture": "#0"},
				"down": {"uv": [0, 9, 1, 10], "rotation": 90, "texture": "#0"}
			}
		},
		{
			"from": [3.115, 6, 8.6125],
			"to": [3.815, 8, 8.6125],
			"rotation": {"angle": 0, "axis": "y", "origin": [6.3875, 10.66667, 8.09625]},
			"faces": {
				"north": {"uv": [0, 8, 1, 10], "texture": "#0"},
				"south": {"uv": [0, 8, 1, 10], "texture": "#0"},
				"down": {"uv": [0, 9, 1, 10], "rotation": 90, "texture": "#0"}
			}
		},
		{
			"from": [1.875, 6, 3.38],
			"to": [1.875, 8, 4.08],
			"rotation": {"angle": 0, "axis": "y", "origin": [6.6875, 10.66667, 6.34625]},
			"faces": {
				"east": {"uv": [0, 8, 1, 10], "texture": "#0"},
				"west": {"uv": [0, 8, 1, 10], "texture": "#0"},
				"down": {"uv": [0, 9, 1, 10], "texture": "#0"}
			}
		},
		{
			"from": [12.005, 6, 2.9725],
			"to": [12.005, 8, 3.6725],
			"rotation": {"angle": 0, "axis": "y", "origin": [8.8375, 10.66667, 5.92125]},
			"faces": {
				"east": {"uv": [0, 8, 1, 10], "texture": "#0"},
				"west": {"uv": [0, 8, 1, 10], "texture": "#0"},
				"down": {"uv": [0, 9, 1, 10], "texture": "#0"}
			}
		},
		{
			"from": [2.245, 4, 13.765],
			"to": [2.245, 6, 14.465],
			"rotation": {"angle": 0, "axis": "y", "origin": [6.4625, 8.66667, 9.17125]},
			"faces": {
				"east": {"uv": [0, 8, 1, 10], "texture": "#0"},
				"west": {"uv": [0, 8, 1, 10], "texture": "#0"},
				"down": {"uv": [0, 9, 1, 10], "texture": "#0"}
			}
		},
		{
			"from": [12.52, 5, 13.935],
			"to": [12.52, 7, 14.635],
			"rotation": {"angle": 0, "axis": "y", "origin": [9.3875, 9.66667, 8.92125]},
			"faces": {
				"east": {"uv": [0, 8, 1, 10], "texture": "#0"},
				"west": {"uv": [0, 8, 1, 10], "texture": "#0"},
				"down": {"uv": [0, 9, 1, 10], "texture": "#0"}
			}
		},
		{
			"from": [9.76, 6, 10.695],
			"to": [9.76, 8, 11.395],
			"rotation": {"angle": 0, "axis": "y", "origin": [8.2375, 10.66667, 8.62125]},
			"faces": {
				"east": {"uv": [0, 8, 1, 10], "texture": "#0"},
				"west": {"uv": [0, 8, 1, 10], "texture": "#0"},
				"down": {"uv": [0, 9, 1, 10], "texture": "#0"}
			}
		},
		{
			"from": [9.1825, 6, 6.1275],
			"to": [9.1825, 8, 6.8275],
			"rotation": {"angle": 0, "axis": "y", "origin": [8.5875, 10.66667, 7.22125]},
			"faces": {
				"east": {"uv": [0, 8, 1, 10], "texture": "#0"},
				"west": {"uv": [0, 8, 1, 10], "texture": "#0"},
				"up": {"uv": [0, 0, 0, 0], "texture": "#0"},
				"down": {"uv": [0, 9, 1, 10], "texture": "#0"}
			}
		},
		{
			"from": [4.7975, 4, 5.5575],
			"to": [4.7975, 6, 6.2575],
			"rotation": {"angle": 0, "axis": "y", "origin": [7.2125, 8.66667, 6.54625]},
			"faces": {
				"east": {"uv": [0, 8, 1, 10], "texture": "#0"},
				"west": {"uv": [0, 8, 1, 10], "texture": "#0"},
				"down": {"uv": [0, 9, 1, 10], "texture": "#0"}
			}
		},
		{
			"from": [3.815, 7, 10.0125],
			"to": [3.815, 9, 10.7125],
			"rotation": {"angle": 0, "axis": "y", "origin": [6.3875, 11.66667, 8.09625]},
			"faces": {
				"east": {"uv": [0, 8, 1, 10], "texture": "#0"},
				"west": {"uv": [0, 8, 1, 10], "texture": "#0"},
				"down": {"uv": [0, 9, 1, 10], "texture": "#0"}
			}
		},
		{
			"from": [1.875, 13, 1.28],
			"to": [1.875, 15, 1.98],
			"rotation": {"angle": 0, "axis": "y", "origin": [6.6875, 9.66667, 6.34625]},
			"faces": {
				"east": {"uv": [0, 8, 1, 10], "texture": "#0"},
				"west": {"uv": [0, 8, 1, 10], "texture": "#0"},
				"down": {"uv": [0, 9, 1, 10], "texture": "#0"}
			}
		},
		{
			"from": [12.005, 14, 0.8725],
			"to": [12.005, 16, 1.5725],
			"rotation": {"angle": 0, "axis": "y", "origin": [8.8375, 10.66667, 5.92125]},
			"faces": {
				"east": {"uv": [0, 8, 1, 10], "texture": "#0"},
				"west": {"uv": [0, 8, 1, 10], "texture": "#0"},
				"down": {"uv": [0, 9, 1, 10], "texture": "#0"}
			}
		},
		{
			"from": [2.245, 14, 11.665],
			"to": [2.245, 16, 12.365],
			"rotation": {"angle": 0, "axis": "y", "origin": [6.4625, 10.66667, 9.17125]},
			"faces": {
				"east": {"uv": [0, 8, 1, 10], "texture": "#0"},
				"west": {"uv": [0, 8, 1, 10], "texture": "#0"},
				"down": {"uv": [0, 9, 1, 10], "texture": "#0"}
			}
		},
		{
			"from": [12.52, 11, 11.835],
			"to": [12.52, 13, 12.535],
			"rotation": {"angle": 0, "axis": "y", "origin": [9.3875, 7.66667, 8.92125]},
			"faces": {
				"east": {"uv": [0, 8, 1, 10], "texture": "#0"},
				"west": {"uv": [0, 8, 1, 10], "texture": "#0"},
				"down": {"uv": [0, 9, 1, 10], "texture": "#0"}
			}
		},
		{
			"from": [9.76, 14, 8.595],
			"to": [9.76, 16, 9.295],
			"rotation": {"angle": 0, "axis": "y", "origin": [8.2375, 10.66667, 8.62125]},
			"faces": {
				"east": {"uv": [0, 8, 1, 10], "texture": "#0"},
				"west": {"uv": [0, 8, 1, 10], "texture": "#0"},
				"down": {"uv": [0, 9, 1, 10], "texture": "#0"}
			}
		},
		{
			"from": [9.1825, 14, 4.0275],
			"to": [9.1825, 16, 4.7275],
			"rotation": {"angle": 0, "axis": "y", "origin": [8.5875, 10.66667, 7.22125]},
			"faces": {
				"east": {"uv": [0, 8, 1, 10], "texture": "#0"},
				"west": {"uv": [0, 8, 1, 10], "texture": "#0"},
				"up": {"uv": [0, 0, 0, 0], "texture": "#0"},
				"down": {"uv": [0, 9, 1, 10], "texture": "#0"}
			}
		},
		{
			"from": [4.7975, 14, 3.4575],
			"to": [4.7975, 16, 4.1575],
			"rotation": {"angle": 0, "axis": "y", "origin": [7.2125, 10.66667, 6.54625]},
			"faces": {
				"east": {"uv": [0, 8, 1, 10], "texture": "#0"},
				"west": {"uv": [0, 8, 1, 10], "texture": "#0"},
				"down": {"uv": [0, 9, 1, 10], "texture": "#0"}
			}
		},
		{
			"from": [3.815, 12, 7.9125],
			"to": [3.815, 14, 8.6125],
			"rotation": {"angle": 0, "axis": "y", "origin": [6.3875, 8.66667, 8.09625]},
			"faces": {
				"east": {"uv": [0, 8, 1, 10], "texture": "#0"},
				"west": {"uv": [0, 8, 1, 10], "texture": "#0"},
				"down": {"uv": [0, 9, 1, 10], "texture": "#0"}
			}
		},
		{
			"from": [1.175, 11, 3.38],
			"to": [1.875, 13, 3.38],
			"rotation": {"angle": 0, "axis": "y", "origin": [6.6875, 7.66667, 6.34625]},
			"faces": {
				"north": {"uv": [0, 8, 1, 10], "texture": "#0"},
				"south": {"uv": [0, 8, 1, 10], "texture": "#0"},
				"down": {"uv": [0, 9, 1, 10], "rotation": 270, "texture": "#0"}
			}
		},
		{
			"from": [11.305, 14, 2.9725],
			"to": [12.005, 16, 2.9725],
			"rotation": {"angle": 0, "axis": "y", "origin": [8.8375, 10.66667, 5.92125]},
			"faces": {
				"north": {"uv": [0, 8, 1, 10], "texture": "#0"},
				"south": {"uv": [0, 8, 1, 10], "texture": "#0"},
				"down": {"uv": [0, 9, 1, 10], "rotation": 270, "texture": "#0"}
			}
		},
		{
			"from": [1.545, 14, 13.765],
			"to": [2.245, 16, 13.765],
			"rotation": {"angle": 0, "axis": "y", "origin": [6.4625, 10.66667, 9.17125]},
			"faces": {
				"north": {"uv": [0, 8, 1, 10], "texture": "#0"},
				"south": {"uv": [0, 8, 1, 10], "texture": "#0"},
				"down": {"uv": [0, 9, 1, 10], "rotation": 270, "texture": "#0"}
			}
		},
		{
			"from": [11.82, 14, 13.935],
			"to": [12.52, 16, 13.935],
			"rotation": {"angle": 0, "axis": "y", "origin": [9.3875, 10.66667, 8.92125]},
			"faces": {
				"north": {"uv": [0, 8, 1, 10], "texture": "#0"},
				"south": {"uv": [0, 8, 1, 10], "texture": "#0"},
				"down": {"uv": [0, 9, 1, 10], "rotation": 270, "texture": "#0"}
			}
		},
		{
			"from": [9.06, 14, 10.695],
			"to": [9.76, 16, 10.695],
			"rotation": {"angle": 0, "axis": "y", "origin": [8.2375, 10.66667, 8.62125]},
			"faces": {
				"north": {"uv": [0, 8, 1, 10], "texture": "#0"},
				"south": {"uv": [0, 8, 1, 10], "texture": "#0"},
				"down": {"uv": [0, 9, 1, 10], "rotation": 270, "texture": "#0"}
			}
		},
		{
			"from": [8.4825, 13, 6.1275],
			"to": [9.1825, 15, 6.1275],
			"rotation": {"angle": 0, "axis": "y", "origin": [8.5875, 9.66667, 7.22125]},
			"faces": {
				"north": {"uv": [0, 8, 1, 10], "texture": "#0"},
				"south": {"uv": [0, 8, 1, 10], "texture": "#0"},
				"up": {"uv": [0, 0, 0, 0], "rotation": 90, "texture": "#0"},
				"down": {"uv": [0, 9, 1, 10], "rotation": 270, "texture": "#0"}
			}
		},
		{
			"from": [4.0975, 14, 5.5575],
			"to": [4.7975, 16, 5.5575],
			"rotation": {"angle": 0, "axis": "y", "origin": [7.2125, 10.66667, 6.54625]},
			"faces": {
				"north": {"uv": [0, 8, 1, 10], "texture": "#0"},
				"south": {"uv": [0, 8, 1, 10], "texture": "#0"},
				"down": {"uv": [0, 9, 1, 10], "rotation": 270, "texture": "#0"}
			}
		},
		{
			"from": [3.115, 14, 10.0125],
			"to": [3.815, 16, 10.0125],
			"rotation": {"angle": 0, "axis": "y", "origin": [6.3875, 10.66667, 8.09625]},
			"faces": {
				"north": {"uv": [0, 8, 1, 10], "texture": "#0"},
				"south": {"uv": [0, 8, 1, 10], "texture": "#0"},
				"down": {"uv": [0, 9, 1, 10], "rotation": 270, "texture": "#0"}
			}
		},
		{
			"from": [3.275, 14, 3.38],
			"to": [3.275, 16, 4.08],
			"rotation": {"angle": 0, "axis": "y", "origin": [6.6875, 10.66667, 6.34625]},
			"faces": {
				"east": {"uv": [0, 8, 1, 10], "texture": "#0"},
				"west": {"uv": [0, 8, 1, 10], "texture": "#0"},
				"down": {"uv": [0, 9, 1, 10], "rotation": 180, "texture": "#0"}
			}
		},
		{
			"from": [13.405, 14, 2.9725],
			"to": [13.405, 16, 3.6725],
			"rotation": {"angle": 0, "axis": "y", "origin": [8.8375, 10.66667, 5.92125]},
			"faces": {
				"east": {"uv": [0, 8, 1, 10], "texture": "#0"},
				"west": {"uv": [0, 8, 1, 10], "texture": "#0"},
				"down": {"uv": [0, 9, 1, 10], "rotation": 180, "texture": "#0"}
			}
		},
		{
			"from": [3.645, 13, 13.765],
			"to": [3.645, 15, 14.465],
			"rotation": {"angle": 0, "axis": "y", "origin": [6.4625, 9.66667, 9.17125]},
			"faces": {
				"east": {"uv": [0, 8, 1, 10], "texture": "#0"},
				"west": {"uv": [0, 8, 1, 10], "texture": "#0"},
				"down": {"uv": [0, 9, 1, 10], "rotation": 180, "texture": "#0"}
			}
		},
		{
			"from": [13.92, 13, 13.935],
			"to": [13.92, 15, 14.635],
			"rotation": {"angle": 0, "axis": "y", "origin": [9.3875, 9.66667, 8.92125]},
			"faces": {
				"east": {"uv": [0, 8, 1, 10], "texture": "#0"},
				"west": {"uv": [0, 8, 1, 10], "texture": "#0"},
				"down": {"uv": [0, 9, 1, 10], "rotation": 180, "texture": "#0"}
			}
		},
		{
			"from": [11.16, 14, 10.695],
			"to": [11.16, 16, 11.395],
			"rotation": {"angle": 0, "axis": "y", "origin": [8.2375, 10.66667, 8.62125]},
			"faces": {
				"east": {"uv": [0, 8, 1, 10], "texture": "#0"},
				"west": {"uv": [0, 8, 1, 10], "texture": "#0"},
				"down": {"uv": [0, 9, 1, 10], "rotation": 180, "texture": "#0"}
			}
		},
		{
			"from": [10.5825, 13, 6.1275],
			"to": [10.5825, 15, 6.8275],
			"rotation": {"angle": 0, "axis": "y", "origin": [8.5875, 9.66667, 7.22125]},
			"faces": {
				"east": {"uv": [0, 8, 1, 10], "texture": "#0"},
				"west": {"uv": [0, 8, 1, 10], "texture": "#0"},
				"up": {"uv": [0, 0, 0, 0], "rotation": 180, "texture": "#0"},
				"down": {"uv": [0, 9, 1, 10], "rotation": 180, "texture": "#0"}
			}
		},
		{
			"from": [6.1975, 13, 5.5575],
			"to": [6.1975, 15, 6.2575],
			"rotation": {"angle": 0, "axis": "y", "origin": [7.2125, 9.66667, 6.54625]},
			"faces": {
				"east": {"uv": [0, 8, 1, 10], "texture": "#0"},
				"west": {"uv": [0, 8, 1, 10], "texture": "#0"},
				"down": {"uv": [0, 9, 1, 10], "rotation": 180, "texture": "#0"}
			}
		},
		{
			"from": [5.215, 12, 10.0125],
			"to": [5.215, 14, 10.7125],
			"rotation": {"angle": 0, "axis": "y", "origin": [6.3875, 8.66667, 8.09625]},
			"faces": {
				"east": {"uv": [0, 8, 1, 10], "texture": "#0"},
				"west": {"uv": [0, 8, 1, 10], "texture": "#0"},
				"down": {"uv": [0, 9, 1, 10], "rotation": 180, "texture": "#0"}
			}
		},
		{
			"from": [3.275, 3, 3.38],
			"to": [3.975, 5, 3.38],
			"rotation": {"angle": 0, "axis": "y", "origin": [6.6875, 7.66667, 6.34625]},
			"faces": {
				"north": {"uv": [0, 8, 1, 10], "texture": "#0"},
				"south": {"uv": [0, 8, 1, 10], "texture": "#0"},
				"down": {"uv": [0, 9, 1, 10], "rotation": 270, "texture": "#0"}
			}
		},
		{
			"from": [13.405, 6, 2.9725],
			"to": [14.105, 8, 2.9725],
			"rotation": {"angle": 0, "axis": "y", "origin": [8.8375, 10.66667, 5.92125]},
			"faces": {
				"north": {"uv": [0, 8, 1, 10], "texture": "#0"},
				"south": {"uv": [0, 8, 1, 10], "texture": "#0"},
				"down": {"uv": [0, 9, 1, 10], "rotation": 270, "texture": "#0"}
			}
		},
		{
			"from": [3.645, 10, 13.765],
			"to": [4.345, 12, 13.765],
			"rotation": {"angle": 0, "axis": "y", "origin": [6.4625, 14.66667, 9.17125]},
			"faces": {
				"north": {"uv": [0, 8, 1, 10], "texture": "#0"},
				"south": {"uv": [0, 8, 1, 10], "texture": "#0"},
				"down": {"uv": [0, 9, 1, 10], "rotation": 270, "texture": "#0"}
			}
		},
		{
			"from": [13.92, 8, 13.935],
			"to": [14.62, 10, 13.935],
			"rotation": {"angle": 0, "axis": "y", "origin": [9.3875, 12.66667, 8.92125]},
			"faces": {
				"north": {"uv": [0, 8, 1, 10], "texture": "#0"},
				"south": {"uv": [0, 8, 1, 10], "texture": "#0"},
				"down": {"uv": [0, 9, 1, 10], "rotation": 270, "texture": "#0"}
			}
		},
		{
			"from": [11.16, 6, 10.695],
			"to": [11.86, 8, 10.695],
			"rotation": {"angle": 0, "axis": "y", "origin": [8.2375, 10.66667, 8.62125]},
			"faces": {
				"north": {"uv": [0, 8, 1, 10], "texture": "#0"},
				"south": {"uv": [0, 8, 1, 10], "texture": "#0"},
				"down": {"uv": [0, 9, 1, 10], "rotation": 270, "texture": "#0"}
			}
		},
		{
			"from": [10.5825, 4, 6.1275],
			"to": [11.2825, 6, 6.1275],
			"rotation": {"angle": 0, "axis": "y", "origin": [8.5875, 8.66667, 7.22125]},
			"faces": {
				"north": {"uv": [0, 8, 1, 10], "texture": "#0"},
				"south": {"uv": [0, 8, 1, 10], "texture": "#0"},
				"up": {"uv": [0, 0, 0, 0], "rotation": 90, "texture": "#0"},
				"down": {"uv": [0, 9, 1, 10], "rotation": 270, "texture": "#0"}
			}
		},
		{
			"from": [6.1975, 4, 5.5575],
			"to": [6.8975, 6, 5.5575],
			"rotation": {"angle": 0, "axis": "y", "origin": [7.2125, 8.66667, 6.54625]},
			"faces": {
				"north": {"uv": [0, 8, 1, 10], "texture": "#0"},
				"south": {"uv": [0, 8, 1, 10], "texture": "#0"},
				"down": {"uv": [0, 9, 1, 10], "rotation": 270, "texture": "#0"}
			}
		},
		{
			"from": [5.215, 1, 10.0125],
			"to": [5.915, 3, 10.0125],
			"rotation": {"angle": 0, "axis": "y", "origin": [6.3875, 5.66667, 8.09625]},
			"faces": {
				"north": {"uv": [0, 8, 1, 10], "texture": "#0"},
				"south": {"uv": [0, 8, 1, 10], "texture": "#0"},
				"down": {"uv": [0, 9, 1, 10], "rotation": 270, "texture": "#0"}
			}
		},
		{
			"from": [3.275, 14, 1.98],
			"to": [3.975, 16, 1.98],
			"rotation": {"angle": 0, "axis": "y", "origin": [6.6875, 10.66667, 6.34625]},
			"faces": {
				"north": {"uv": [0, 8, 1, 10], "texture": "#0"},
				"south": {"uv": [0, 8, 1, 10], "texture": "#0"},
				"down": {"uv": [0, 9, 1, 10], "rotation": 270, "texture": "#0"}
			}
		},
		{
			"from": [13.405, 13, 1.5725],
			"to": [14.105, 15, 1.5725],
			"rotation": {"angle": 0, "axis": "y", "origin": [8.8375, 9.66667, 5.92125]},
			"faces": {
				"north": {"uv": [0, 8, 1, 10], "texture": "#0"},
				"south": {"uv": [0, 8, 1, 10], "texture": "#0"},
				"down": {"uv": [0, 9, 1, 10], "rotation": 270, "texture": "#0"}
			}
		},
		{
			"from": [3.645, 14, 12.365],
			"to": [4.345, 16, 12.365],
			"rotation": {"angle": 0, "axis": "y", "origin": [6.4625, 10.66667, 9.17125]},
			"faces": {
				"north": {"uv": [0, 8, 1, 10], "texture": "#0"},
				"south": {"uv": [0, 8, 1, 10], "texture": "#0"},
				"down": {"uv": [0, 9, 1, 10], "rotation": 270, "texture": "#0"}
			}
		},
		{
			"from": [13.92, 14, 12.535],
			"to": [14.62, 16, 12.535],
			"rotation": {"angle": 0, "axis": "y", "origin": [9.3875, 10.66667, 8.92125]},
			"faces": {
				"north": {"uv": [0, 8, 1, 10], "texture": "#0"},
				"south": {"uv": [0, 8, 1, 10], "texture": "#0"},
				"down": {"uv": [0, 9, 1, 10], "rotation": 270, "texture": "#0"}
			}
		},
		{
			"from": [11.16, 11, 9.295],
			"to": [11.86, 13, 9.295],
			"rotation": {"angle": 0, "axis": "y", "origin": [8.2375, 7.66667, 8.62125]},
			"faces": {
				"north": {"uv": [0, 8, 1, 10], "texture": "#0"},
				"south": {"uv": [0, 8, 1, 10], "texture": "#0"},
				"down": {"uv": [0, 9, 1, 10], "rotation": 270, "texture": "#0"}
			}
		},
		{
			"from": [10.5825, 12, 4.7275],
			"to": [11.2825, 14, 4.7275],
			"rotation": {"angle": 0, "axis": "y", "origin": [8.5875, 8.66667, 7.22125]},
			"faces": {
				"north": {"uv": [0, 8, 1, 10], "texture": "#0"},
				"south": {"uv": [0, 8, 1, 10], "texture": "#0"},
				"up": {"uv": [0, 0, 0, 0], "rotation": 90, "texture": "#0"},
				"down": {"uv": [0, 9, 1, 10], "rotation": 270, "texture": "#0"}
			}
		},
		{
			"from": [6.1975, 12, 4.1575],
			"to": [6.8975, 14, 4.1575],
			"rotation": {"angle": 0, "axis": "y", "origin": [7.2125, 8.66667, 6.54625]},
			"faces": {
				"north": {"uv": [0, 8, 1, 10], "texture": "#0"},
				"south": {"uv": [0, 8, 1, 10], "texture": "#0"},
				"down": {"uv": [0, 9, 1, 10], "rotation": 270, "texture": "#0"}
			}
		},
		{
			"from": [5.215, 14, 8.6125],
			"to": [5.915, 16, 8.6125],
			"rotation": {"angle": 0, "axis": "y", "origin": [6.3875, 10.66667, 8.09625]},
			"faces": {
				"north": {"uv": [0, 8, 1, 10], "texture": "#0"},
				"south": {"uv": [0, 8, 1, 10], "texture": "#0"},
				"down": {"uv": [0, 9, 1, 10], "rotation": 270, "texture": "#0"}
			}
		},
		{
			"from": [3.275, 6, 1.28],
			"to": [3.275, 8, 1.98],
			"rotation": {"angle": 0, "axis": "y", "origin": [6.6875, 10.66667, 6.34625]},
			"faces": {
				"east": {"uv": [0, 8, 1, 10], "texture": "#0"},
				"west": {"uv": [0, 8, 1, 10], "texture": "#0"},
				"down": {"uv": [0, 9, 1, 10], "texture": "#0"}
			}
		},
		{
			"from": [13.405, 6, 0.8725],
			"to": [13.405, 8, 1.5725],
			"rotation": {"angle": 0, "axis": "y", "origin": [8.8375, 10.66667, 5.92125]},
			"faces": {
				"east": {"uv": [0, 8, 1, 10], "texture": "#0"},
				"west": {"uv": [0, 8, 1, 10], "texture": "#0"},
				"down": {"uv": [0, 9, 1, 10], "texture": "#0"}
			}
		},
		{
			"from": [3.645, 1, 11.665],
			"to": [3.645, 3, 12.365],
			"rotation": {"angle": 0, "axis": "y", "origin": [6.4625, 5.66667, 9.17125]},
			"faces": {
				"east": {"uv": [0, 8, 1, 10], "texture": "#0"},
				"west": {"uv": [0, 8, 1, 10], "texture": "#0"},
				"down": {"uv": [0, 9, 1, 10], "texture": "#0"}
			}
		},
		{
			"from": [13.92, 6, 11.835],
			"to": [13.92, 8, 12.535],
			"rotation": {"angle": 0, "axis": "y", "origin": [9.3875, 10.66667, 8.92125]},
			"faces": {
				"east": {"uv": [0, 8, 1, 10], "texture": "#0"},
				"west": {"uv": [0, 8, 1, 10], "texture": "#0"},
				"down": {"uv": [0, 9, 1, 10], "texture": "#0"}
			}
		},
		{
			"from": [11.16, 3, 8.595],
			"to": [11.16, 5, 9.295],
			"rotation": {"angle": 0, "axis": "y", "origin": [8.2375, 7.66667, 8.62125]},
			"faces": {
				"east": {"uv": [0, 8, 1, 10], "texture": "#0"},
				"west": {"uv": [0, 8, 1, 10], "texture": "#0"},
				"down": {"uv": [0, 9, 1, 10], "texture": "#0"}
			}
		},
		{
			"from": [10.5825, 8, 4.0275],
			"to": [10.5825, 10, 4.7275],
			"rotation": {"angle": 0, "axis": "y", "origin": [8.5875, 12.66667, 7.22125]},
			"faces": {
				"east": {"uv": [0, 8, 1, 10], "texture": "#0"},
				"west": {"uv": [0, 8, 1, 10], "texture": "#0"},
				"up": {"uv": [0, 0, 0, 0], "texture": "#0"},
				"down": {"uv": [0, 9, 1, 10], "texture": "#0"}
			}
		},
		{
			"from": [6.1975, 6, 3.4575],
			"to": [6.1975, 8, 4.1575],
			"rotation": {"angle": 0, "axis": "y", "origin": [7.2125, 10.66667, 6.54625]},
			"faces": {
				"east": {"uv": [0, 8, 1, 10], "texture": "#0"},
				"west": {"uv": [0, 8, 1, 10], "texture": "#0"},
				"down": {"uv": [0, 9, 1, 10], "texture": "#0"}
			}
		},
		{
			"from": [5.215, 5, 7.9125],
			"to": [5.215, 7, 8.6125],
			"rotation": {"angle": 0, "axis": "y", "origin": [6.3875, 9.66667, 8.09625]},
			"faces": {
				"east": {"uv": [0, 8, 1, 10], "texture": "#0"},
				"west": {"uv": [0, 8, 1, 10], "texture": "#0"},
				"down": {"uv": [0, 9, 1, 10], "texture": "#0"}
			}
		}
	]
}