{
	"credit": "Made with Blockbench",
	"parent": "block/cross",
	"ambientocclusion": false,
	"textures": {
		"1": "block/sweet_berry_bush_stage1",
		"cross": "block/berry",
		"particle": "block/sweet_berry_bush_stage1"
	},
	"elements": [
		{
			"from": [0.8, 0, 8],
			"to": [15.2, 16, 8],
			"shade": false,
			"rotation": {"angle": 45, "axis": "y", "origin": [8, 8, 8], "rescale": true},
			"faces": {
				"north": {"uv": [0, 0, 16, 16], "texture": "#1"},
				"east": {"uv": [0, 0, 0, 0], "texture": "#1"},
				"south": {"uv": [16, 0, 0, 16], "texture": "#1"},
				"west": {"uv": [0, 0, 0, 0], "texture": "#1"},
				"up": {"uv": [0, 0, 0, 0], "texture": "#1"},
				"down": {"uv": [0, 0, 0, 0], "texture": "#1"}
			}
		},
		{
			"from": [8, 0, 0.8],
			"to": [8, 16, 15.2],
			"shade": false,
			"rotation": {"angle": 45, "axis": "y", "origin": [8, 8, 8], "rescale": true},
			"faces": {
				"north": {"uv": [0, 0, 0, 0], "texture": "#1"},
				"east": {"uv": [0, 0, 16, 16], "texture": "#1"},
				"south": {"uv": [0, 0, 0, 0], "texture": "#1"},
				"west": {"uv": [16, 0, 0, 16], "texture": "#1"},
				"up": {"uv": [0, 0, 0, 0], "texture": "#1"},
				"down": {"uv": [0, 0, 0, 0], "texture": "#1"}
			}
		},
		{
			"from": [0, 7.65, 9.75],
			"to": [2, 9.65, 11.75],
			"rotation": {"angle": -45, "axis": "y", "origin": [1, 1, 15]},
			"faces": {
				"north": {"uv": [0, 0, 16, 16], "texture": "#cross"},
				"east": {"uv": [0, 0, 16, 16], "texture": "#cross"},
				"south": {"uv": [0, 0, 16, 16], "texture": "#cross"},
				"west": {"uv": [0, 0, 16, 16], "texture": "#cross"},
				"up": {"uv": [0, 0, 16, 16], "rotation": 180, "texture": "#cross"},
				"down": {"uv": [0, 0, 16, 16], "texture": "#cross"}
			}
		},
		{
			"from": [-0.5, 4.45, -0.325],
			"to": [1.5, 6.45, 1.675],
			"rotation": {"angle": -45, "axis": "y", "origin": [1, 1, 15]},
			"faces": {
				"north": {"uv": [0, 0, 16, 16], "texture": "#cross"},
				"east": {"uv": [0, 0, 16, 16], "texture": "#cross"},
				"south": {"uv": [0, 0, 16, 16], "texture": "#cross"},
				"west": {"uv": [0, 0, 16, 16], "texture": "#cross"},
				"up": {"uv": [0, 0, 16, 16], "rotation": 180, "texture": "#cross"},
				"down": {"uv": [0, 0, 16, 16], "texture": "#cross"}
			}
		},
		{
			"from": [-4.625, 9.725, 4.05],
			"to": [-2.625, 11.725, 6.05],
			"rotation": {"angle": -45, "axis": "y", "origin": [1, 1, 15]},
			"faces": {
				"north": {"uv": [0, 0, 16, 16], "texture": "#cross"},
				"east": {"uv": [0, 0, 16, 16], "texture": "#cross"},
				"south": {"uv": [0, 0, 16, 16], "texture": "#cross"},
				"west": {"uv": [0, 0, 16, 16], "texture": "#cross"},
				"up": {"uv": [0, 0, 16, 16], "rotation": 180, "texture": "#cross"},
				"down": {"uv": [0, 0, 16, 16], "texture": "#cross"}
			}
		},
		{
			"from": [3.525, 9.525, 4.475],
			"to": [5.525, 11.525, 6.475],
			"rotation": {"angle": -45, "axis": "y", "origin": [1, 1, 15]},
			"faces": {
				"north": {"uv": [0, 0, 16, 16], "texture": "#cross"},
				"east": {"uv": [0, 0, 16, 16], "texture": "#cross"},
				"south": {"uv": [0, 0, 16, 16], "texture": "#cross"},
				"west": {"uv": [0, 0, 16, 16], "texture": "#cross"},
				"up": {"uv": [0, 0, 16, 16], "rotation": 180, "texture": "#cross"},
				"down": {"uv": [0, 0, 16, 16], "texture": "#cross"}
			}
		},
		{
			"from": [0.55, 3.025, 6.625],
			"to": [1.55, 4.025, 7.625],
			"rotation": {"angle": -45, "axis": "y", "origin": [1, 1, 15]},
			"faces": {
				"north": {"uv": [0, 0, 16, 16], "texture": "#cross"},
				"east": {"uv": [0, 0, 16, 16], "texture": "#cross"},
				"south": {"uv": [0, 0, 16, 16], "texture": "#cross"},
				"west": {"uv": [0, 0, 16, 16], "texture": "#cross"},
				"up": {"uv": [0, 0, 16, 16], "rotation": 180, "texture": "#cross"},
				"down": {"uv": [0, 0, 16, 16], "texture": "#cross"}
			}
		},
		{
			"from": [-2.325, 5, 4.5],
			"to": [-1.325, 6, 5.5],
			"rotation": {"angle": -45, "axis": "y", "origin": [1, 1, 15]},
			"faces": {
				"north": {"uv": [0, 0, 16, 16], "texture": "#cross"},
				"east": {"uv": [0, 0, 16, 16], "texture": "#cross"},
				"south": {"uv": [0, 0, 16, 16], "texture": "#cross"},
				"west": {"uv": [0, 0, 16, 16], "texture": "#cross"},
				"up": {"uv": [0, 0, 16, 16], "rotation": 180, "texture": "#cross"},
				"down": {"uv": [0, 0, 16, 16], "texture": "#cross"}
			}
		},
		{
			"from": [0.7, 9.85, 0.6],
			"to": [1.7, 10.85, 1.6],
			"rotation": {"angle": -45, "axis": "y", "origin": [1, 1, 15]},
			"faces": {
				"north": {"uv": [0, 0, 16, 16], "texture": "#cross"},
				"east": {"uv": [0, 0, 16, 16], "texture": "#cross"},
				"south": {"uv": [0, 0, 16, 16], "texture": "#cross"},
				"west": {"uv": [0, 0, 16, 16], "texture": "#cross"},
				"up": {"uv": [0, 0, 16, 16], "rotation": 180, "texture": "#cross"},
				"down": {"uv": [0, 0, 16, 16], "texture": "#cross"}
			}
		},
		{
			"from": [3.975, 4.075, 4.25],
			"to": [4.975, 5.075, 5.25],
			"rotation": {"angle": -45, "axis": "y", "origin": [1, 1, 15]},
			"faces": {
				"north": {"uv": [0, 0, 16, 16], "texture": "#cross"},
				"east": {"uv": [0, 0, 16, 16], "texture": "#cross"},
				"south": {"uv": [0, 0, 16, 16], "texture": "#cross"},
				"west": {"uv": [0, 0, 16, 16], "texture": "#cross"},
				"up": {"uv": [0, 0, 16, 16], "rotation": 180, "texture": "#cross"},
				"down": {"uv": [0, 0, 16, 16], "texture": "#cross"}
			}
		}
	],
	"groups": [
		{
			"name": "cross",
			"origin": [8, 8, 8],
			"children": [0, 1, 2, 3, 4, 5, 6, 7, 8, 9]
		}
	]
}