{
	"credit": "Made with Blockbench",
	"textures": {
		"0": "block/beetroots_stage2",
		"particle": "block/beetroots_stage2"
	},
	"elements": [
		{
			"from": [1.52545, -0.55, 3.80226],
			"to": [6.27545, 5.5, 3.80226],
			"rotation": {"angle": -45, "axis": "y", "origin": [3.78125, 0.80313, 3.7875]},
			"faces": {
				"north": {"uv": [10, 8, 16, 16], "texture": "#0"},
				"east": {"uv": [10, 6, 16, 14], "texture": "#0"},
				"south": {"uv": [10, 6, 16, 14], "texture": "#0"},
				"west": {"uv": [10, 6, 16, 14], "texture": "#0"},
				"up": {"uv": [10, 6, 16, 14], "texture": "#0"},
				"down": {"uv": [10, 6, 16, 14], "texture": "#0"}
			}
		},
		{
			"from": [2.4, -0.55, 11.675],
			"to": [6.975, 5, 11.675],
			"rotation": {"angle": -22.5, "axis": "y", "origin": [4.6875, 2.9375, 11.675]},
			"faces": {
				"north": {"uv": [10, 8, 16, 16], "texture": "#0"},
				"east": {"uv": [10, 6, 16, 14], "texture": "#0"},
				"south": {"uv": [5, 8, 11, 16], "texture": "#0"},
				"west": {"uv": [10, 6, 16, 14], "texture": "#0"},
				"up": {"uv": [10, 6, 16, 14], "texture": "#0"},
				"down": {"uv": [10, 6, 16, 14], "texture": "#0"}
			}
		},
		{
			"from": [9.825, -0.55, 11.675],
			"to": [14.4, 5, 11.675],
			"rotation": {"angle": -45, "axis": "y", "origin": [12.1125, 2.9375, 11.675]},
			"faces": {
				"north": {"uv": [10, 8, 16, 16], "texture": "#0"},
				"east": {"uv": [10, 6, 16, 14], "texture": "#0"},
				"south": {"uv": [10, 8, 16, 16], "texture": "#0"},
				"west": {"uv": [10, 6, 16, 14], "texture": "#0"},
				"up": {"uv": [10, 6, 16, 14], "texture": "#0"},
				"down": {"uv": [10, 6, 16, 14], "texture": "#0"}
			}
		},
		{
			"from": [9.825, -0.55, 4.5],
			"to": [14.4, 5, 4.5],
			"rotation": {"angle": 0, "axis": "y", "origin": [12.1125, 2.9375, 4.5]},
			"faces": {
				"north": {"uv": [5, 8, 11, 16], "texture": "#0"},
				"east": {"uv": [10, 6, 16, 14], "texture": "#0"},
				"south": {"uv": [10, 6, 16, 14], "texture": "#0"},
				"west": {"uv": [10, 6, 16, 14], "texture": "#0"},
				"up": {"uv": [10, 6, 16, 14], "texture": "#0"},
				"down": {"uv": [10, 6, 16, 14], "texture": "#0"}
			}
		},
		{
			"from": [3.71295, -0.55, 1.51476],
			"to": [3.71295, 5, 6.08976],
			"rotation": {"angle": -45, "axis": "y", "origin": [3.78125, 0.80313, 3.7875]},
			"faces": {
				"north": {"uv": [10, 6, 16, 14], "texture": "#0"},
				"east": {"uv": [10, 6, 16, 14], "texture": "#0"},
				"south": {"uv": [10, 6, 16, 14], "texture": "#0"},
				"west": {"uv": [10, 8, 16, 16], "texture": "#0"},
				"up": {"uv": [10, 6, 16, 14], "rotation": 90, "texture": "#0"},
				"down": {"uv": [10, 6, 16, 14], "rotation": 270, "texture": "#0"}
			}
		},
		{
			"from": [4.6875, -0.55, 9.2375],
			"to": [4.6875, 5.225, 13.9625],
			"rotation": {"angle": -22.5, "axis": "y", "origin": [4.6875, 2.9375, 11.675]},
			"faces": {
				"north": {"uv": [10, 6, 16, 14], "texture": "#0"},
				"east": {"uv": [0, 8, 6, 16], "texture": "#0"},
				"south": {"uv": [10, 6, 16, 14], "texture": "#0"},
				"west": {"uv": [10, 8, 16, 16], "texture": "#0"},
				"up": {"uv": [10, 6, 16, 14], "rotation": 90, "texture": "#0"},
				"down": {"uv": [10, 6, 16, 14], "rotation": 270, "texture": "#0"}
			}
		},
		{
			"from": [12.1125, -0.55, 9.3875],
			"to": [12.1125, 5.275, 13.9625],
			"rotation": {"angle": -45, "axis": "y", "origin": [12.1125, 2.9375, 11.675]},
			"faces": {
				"north": {"uv": [10, 6, 16, 14], "texture": "#0"},
				"east": {"uv": [5, 8, 11, 16], "texture": "#0"},
				"south": {"uv": [10, 6, 16, 14], "texture": "#0"},
				"west": {"uv": [5, 8, 11, 16], "texture": "#0"},
				"up": {"uv": [10, 6, 16, 14], "rotation": 90, "texture": "#0"},
				"down": {"uv": [10, 6, 16, 14], "rotation": 270, "texture": "#0"}
			}
		},
		{
			"from": [12.1125, -0.55, 2.2125],
			"to": [12.1125, 5.575, 6.7875],
			"rotation": {"angle": 0, "axis": "y", "origin": [12.1125, 2.9375, 4.5]},
			"faces": {
				"north": {"uv": [10, 6, 16, 14], "texture": "#0"},
				"east": {"uv": [5, 8, 11, 16], "texture": "#0"},
				"south": {"uv": [10, 6, 16, 14], "texture": "#0"},
				"west": {"uv": [10, 8, 16, 16], "texture": "#0"},
				"up": {"uv": [10, 6, 16, 14], "rotation": 90, "texture": "#0"},
				"down": {"uv": [10, 6, 16, 14], "rotation": 270, "texture": "#0"}
			}
		}
	]
}