{
	"credit": "Made with Blockbench",
	"textures": {
		"0": "block/beetroots_stage3",
		"particle": "block/beetroots_stage3"
	},
	"elements": [
		{
			"from": [1.275, -4.5, 1.925],
			"to": [5.275, -0.5, 5.925],
			"rotation": {"angle": -22.5, "axis": "y", "origin": [3.20625, 1.45313, 3.8875]},
			"faces": {
				"north": {"uv": [6, 15, 10, 16], "rotation": 180, "texture": "#0"},
				"east": {"uv": [6, 15, 10, 16], "texture": "#0"},
				"south": {"uv": [6, 15, 10, 16], "rotation": 180, "texture": "#0"},
				"west": {"uv": [6, 15, 10, 16], "texture": "#0"},
				"up": {"uv": [6, 13, 10, 16], "texture": "#0"}
			}
		},
		{
			"from": [2.25, -4.5, 9.825],
			"to": [6.25, -0.5, 13.825],
			"rotation": {"angle": 0, "axis": "y", "origin": [10.25, 6.5, 17.825]},
			"faces": {
				"north": {"uv": [6, 15, 10, 16], "rotation": 180, "texture": "#0"},
				"east": {"uv": [6, 15, 10, 16], "texture": "#0"},
				"south": {"uv": [6, 15, 10, 16], "rotation": 180, "texture": "#0"},
				"west": {"uv": [6, 15, 10, 16], "texture": "#0"},
				"up": {"uv": [6, 13, 10, 16], "texture": "#0"}
			}
		},
		{
			"from": [9.675, -4.5, 9.825],
			"to": [13.675, -0.5, 13.825],
			"rotation": {"angle": -22.5, "axis": "y", "origin": [11.5375, 3.5875, 11.775]},
			"faces": {
				"north": {"uv": [6, 15, 10, 16], "rotation": 180, "texture": "#0"},
				"east": {"uv": [6, 15, 10, 16], "texture": "#0"},
				"south": {"uv": [6, 15, 10, 16], "rotation": 180, "texture": "#0"},
				"west": {"uv": [6, 15, 10, 16], "texture": "#0"},
				"up": {"uv": [6, 13, 10, 16], "texture": "#0"}
			}
		},
		{
			"from": [9.675, -4.5, 2.65],
			"to": [13.675, -0.5, 6.65],
			"rotation": {"angle": 22.5, "axis": "y", "origin": [11.5375, 3.5875, 4.6]},
			"faces": {
				"north": {"uv": [6, 15, 10, 16], "rotation": 180, "texture": "#0"},
				"east": {"uv": [6, 15, 10, 16], "texture": "#0"},
				"south": {"uv": [6, 15, 10, 16], "rotation": 180, "texture": "#0"},
				"west": {"uv": [6, 15, 10, 16], "texture": "#0"},
				"up": {"uv": [6, 13, 10, 16], "texture": "#0"}
			}
		},
		{
			"from": [1.675, -0.9, 2.225],
			"to": [4.875, 0.175, 5.525],
			"rotation": {"angle": -22.5, "axis": "y", "origin": [3.20625, 1.45313, 3.8875]},
			"faces": {
				"north": {"uv": [6, 15, 10, 16], "rotation": 180, "texture": "#0"},
				"east": {"uv": [6, 15, 10, 16], "texture": "#0"},
				"south": {"uv": [6, 15, 10, 16], "rotation": 180, "texture": "#0"},
				"west": {"uv": [6, 15, 10, 16], "texture": "#0"},
				"up": {"uv": [12, 13, 15, 16], "texture": "#0"}
			}
		},
		{
			"from": [2.65, -0.9, 10.125],
			"to": [5.85, 0.175, 13.425],
			"rotation": {"angle": 0, "axis": "y", "origin": [10.25, 7.475, 17.825]},
			"faces": {
				"north": {"uv": [6, 15, 10, 16], "rotation": 180, "texture": "#0"},
				"east": {"uv": [6, 15, 10, 16], "texture": "#0"},
				"south": {"uv": [6, 15, 10, 16], "rotation": 180, "texture": "#0"},
				"west": {"uv": [6, 15, 10, 16], "texture": "#0"},
				"up": {"uv": [12, 13, 15, 16], "texture": "#0"}
			}
		},
		{
			"from": [10.075, -0.9, 10.125],
			"to": [13.275, 0.175, 13.425],
			"rotation": {"angle": -22.5, "axis": "y", "origin": [11.5375, 3.5875, 11.775]},
			"faces": {
				"north": {"uv": [6, 15, 10, 16], "rotation": 180, "texture": "#0"},
				"east": {"uv": [6, 15, 10, 16], "texture": "#0"},
				"south": {"uv": [6, 15, 10, 16], "rotation": 180, "texture": "#0"},
				"west": {"uv": [6, 15, 10, 16], "texture": "#0"},
				"up": {"uv": [12, 13, 15, 16], "texture": "#0"}
			}
		},
		{
			"from": [10.075, -0.9, 2.95],
			"to": [13.275, 0.175, 6.25],
			"rotation": {"angle": 22.5, "axis": "y", "origin": [11.5375, 3.5875, 4.6]},
			"faces": {
				"north": {"uv": [6, 15, 10, 16], "rotation": 180, "texture": "#0"},
				"east": {"uv": [6, 15, 10, 16], "texture": "#0"},
				"south": {"uv": [6, 15, 10, 16], "rotation": 180, "texture": "#0"},
				"west": {"uv": [6, 15, 10, 16], "texture": "#0"},
				"up": {"uv": [12, 13, 15, 16], "texture": "#0"}
			}
		},
		{
			"from": [0.95045, 0.1, 3.90226],
			"to": [5.70045, 7.5, 3.90226],
			"rotation": {"angle": -45, "axis": "y", "origin": [3.20625, 1.45313, 3.8875]},
			"faces": {
				"north": {"uv": [10, 6, 16, 14], "texture": "#0"},
				"east": {"uv": [10, 6, 16, 14], "texture": "#0"},
				"south": {"uv": [10, 6, 16, 14], "texture": "#0"},
				"west": {"uv": [10, 6, 16, 14], "texture": "#0"},
				"up": {"uv": [10, 6, 16, 14], "texture": "#0"},
				"down": {"uv": [10, 6, 16, 14], "texture": "#0"}
			}
		},
		{
			"from": [1.825, 0.1, 11.775],
			"to": [6.4, 6.65, 11.775],
			"rotation": {"angle": -22.5, "axis": "y", "origin": [4.1125, 3.5875, 11.775]},
			"faces": {
				"north": {"uv": [10, 6, 16, 14], "texture": "#0"},
				"east": {"uv": [10, 6, 16, 14], "texture": "#0"},
				"south": {"uv": [10, 6, 16, 14], "texture": "#0"},
				"west": {"uv": [10, 6, 16, 14], "texture": "#0"},
				"up": {"uv": [10, 6, 16, 14], "texture": "#0"},
				"down": {"uv": [10, 6, 16, 14], "texture": "#0"}
			}
		},
		{
			"from": [9.25, 0.1, 11.775],
			"to": [13.825, 6.65, 11.775],
			"rotation": {"angle": -45, "axis": "y", "origin": [11.5375, 3.5875, 11.775]},
			"faces": {
				"north": {"uv": [10, 6, 16, 14], "texture": "#0"},
				"east": {"uv": [10, 6, 16, 14], "texture": "#0"},
				"south": {"uv": [10, 6, 16, 14], "texture": "#0"},
				"west": {"uv": [10, 6, 16, 14], "texture": "#0"},
				"up": {"uv": [10, 6, 16, 14], "texture": "#0"},
				"down": {"uv": [10, 6, 16, 14], "texture": "#0"}
			}
		},
		{
			"from": [9.25, 0.1, 4.6],
			"to": [13.825, 6.65, 4.6],
			"rotation": {"angle": 0, "axis": "y", "origin": [11.5375, 3.5875, 4.6]},
			"faces": {
				"north": {"uv": [10, 6, 16, 14], "texture": "#0"},
				"east": {"uv": [10, 6, 16, 14], "texture": "#0"},
				"south": {"uv": [10, 6, 16, 14], "texture": "#0"},
				"west": {"uv": [10, 6, 16, 14], "texture": "#0"},
				"up": {"uv": [10, 6, 16, 14], "texture": "#0"},
				"down": {"uv": [10, 6, 16, 14], "texture": "#0"}
			}
		},
		{
			"from": [3.13795, 0.1, 1.61476],
			"to": [3.13795, 6.65, 6.18976],
			"rotation": {"angle": -45, "axis": "y", "origin": [3.20625, 1.45313, 3.8875]},
			"faces": {
				"north": {"uv": [10, 6, 16, 14], "texture": "#0"},
				"east": {"uv": [10, 6, 16, 14], "texture": "#0"},
				"south": {"uv": [10, 6, 16, 14], "texture": "#0"},
				"west": {"uv": [10, 6, 16, 14], "texture": "#0"},
				"up": {"uv": [10, 6, 16, 14], "rotation": 90, "texture": "#0"},
				"down": {"uv": [10, 6, 16, 14], "rotation": 270, "texture": "#0"}
			}
		},
		{
			"from": [4.1125, 0.1, 9.4875],
			"to": [4.1125, 7.8, 14.0625],
			"rotation": {"angle": -22.5, "axis": "y", "origin": [4.1125, 3.5875, 11.775]},
			"faces": {
				"north": {"uv": [10, 6, 16, 14], "texture": "#0"},
				"east": {"uv": [10, 6, 16, 14], "texture": "#0"},
				"south": {"uv": [10, 6, 16, 14], "texture": "#0"},
				"west": {"uv": [10, 6, 16, 14], "texture": "#0"},
				"up": {"uv": [10, 6, 16, 14], "rotation": 90, "texture": "#0"},
				"down": {"uv": [10, 6, 16, 14], "rotation": 270, "texture": "#0"}
			}
		},
		{
			"from": [11.5375, 0.1, 9.4875],
			"to": [11.5375, 7.45, 14.0625],
			"rotation": {"angle": -45, "axis": "y", "origin": [11.5375, 3.5875, 11.775]},
			"faces": {
				"north": {"uv": [10, 6, 16, 14], "texture": "#0"},
				"east": {"uv": [10, 6, 16, 14], "texture": "#0"},
				"south": {"uv": [10, 6, 16, 14], "texture": "#0"},
				"west": {"uv": [10, 6, 16, 14], "texture": "#0"},
				"up": {"uv": [10, 6, 16, 14], "rotation": 90, "texture": "#0"},
				"down": {"uv": [10, 6, 16, 14], "rotation": 270, "texture": "#0"}
			}
		},
		{
			"from": [11.5375, 0.1, 2.3125],
			"to": [11.5375, 7.8, 6.8875],
			"rotation": {"angle": 0, "axis": "y", "origin": [11.5375, 3.5875, 4.6]},
			"faces": {
				"north": {"uv": [10, 6, 16, 14], "texture": "#0"},
				"east": {"uv": [10, 6, 16, 14], "texture": "#0"},
				"south": {"uv": [10, 6, 16, 14], "texture": "#0"},
				"west": {"uv": [10, 6, 16, 14], "texture": "#0"},
				"up": {"uv": [10, 6, 16, 14], "rotation": 90, "texture": "#0"},
				"down": {"uv": [10, 6, 16, 14], "rotation": 270, "texture": "#0"}
			}
		}
	]
}