{
	"credit": "Made with Blockbench",
	"textures": {
		"texture": " ",
		"border": "block/birch_planks",
		"particle": "#border"
	},
	"elements": [
		{
			"from": [0, 0, 0],
			"to": [16, 1, 16],
			"faces": {
				"north": {"uv": [0, 0, 1, 16], "rotation": 90, "texture": "#border"},
				"east": {"uv": [0, 0, 1, 16], "rotation": 90, "texture": "#border"},
				"south": {"uv": [0, 0, 1, 16], "rotation": 90, "texture": "#border"},
				"west": {"uv": [0, 0, 1, 16], "rotation": 90, "texture": "#border"},
				"up": {"uv": [16, 16, 0, 0], "texture": "#texture"},
				"down": {"uv": [16, 16, 0, 0], "texture": "#texture"}
			}
		}
	],
	"display": {
		"thirdperson_righthand": {
			"rotation": [80, 0, 0],
			"translation": [0, 3, 3.25],
			"scale": [0.5, 0.5, 0.5]
		},
		"thirdperson_lefthand": {
			"rotation": [80, 0, 0],
			"translation": [0, 3, 3.25],
			"scale": [0.5, 0.5, 0.5]
		},
		"firstperson_righthand": {
			"rotation": [50.25, 180, -6],
			"translation": [-2.25, 6.25, 3.75],
			"scale": [0.5, 0.5, 0.5]
		},
		"firstperson_lefthand": {
			"rotation": [50.25, 180, -6],
			"translation": [-2.25, 6.25, 3.75],
			"scale": [0.5, 0.5, 0.5]
		},
		"ground": {
			"translation": [0, 4.25, 0],
			"scale": [0.6, 0.6, 0.6]
		},
		"gui": {
			"rotation": [32, 31, 31.75],
			"translation": [-2.25, 3, 0],
			"scale": [0.75, 0.75, 0.75]
		},
		"head": {
			"rotation": [90, 0, 0],
			"translation": [0, 0.25, -0.75],
			"scale": [0.9, 0.9, 0.9]
		},
		"fixed": {
			"rotation": [-90, 0, 0],
			"translation": [0, 0, -19.7],
			"scale": [2, 2.67, 2]
		}
	}
}