{
	"credit": "Made with Blockbench",
	"parent": "block/block",
	"textures": {
		"1": "block/candle_off",
		"particle": "block/candle",
		"all": "block/candle"
	},
	"elements": [
		{
			"from": [6, 2.2875, 6],
			"to": [10, 8.2875, 10],
			"rotation": {"angle": 0, "axis": "y", "origin": [8, 5.2875, 8]},
			"faces": {
				"north": {"uv": [4, 5, 8, 11], "texture": "#1"},
				"east": {"uv": [12, 5, 16, 11], "texture": "#1"},
				"south": {"uv": [0, 5, 4, 11], "texture": "#1"},
				"west": {"uv": [8, 5, 12, 11], "texture": "#1"},
				"up": {"uv": [4, 1, 8, 5], "texture": "#1"},
				"down": {"uv": [8, 1, 12, 5], "texture": "#1", "cullface": "down"}
			}
		},
		{
			"from": [6, 8.2375, 6],
			"to": [10, 8.2375, 10],
			"rotation": {"angle": 0, "axis": "y", "origin": [8, 8, 8]},
			"faces": {
				"up": {"uv": [8, 1, 12, 5], "texture": "#all"}
			}
		},
		{
			"from": [7.5, 7.4875, 8],
			"to": [8.5, 10.9875, 8],
			"shade": false,
			"rotation": {"angle": 45, "axis": "y", "origin": [8, 9.2375, 8], "rescale": true},
			"faces": {
				"north": {"uv": [1, 0, 3, 5], "texture": "#all"},
				"south": {"uv": [13, 0, 15, 5], "texture": "#all"}
			}
		},
		{
			"from": [8, 7.4875, 7.5],
			"to": [8, 10.9875, 8.5],
			"shade": false,
			"rotation": {"angle": 45, "axis": "y", "origin": [8, 9.2375, 8], "rescale": true},
			"faces": {
				"east": {"uv": [13, 0, 15, 5], "texture": "#all"},
				"west": {"uv": [1, 0, 3, 5], "texture": "#all"}
			}
		}
	],
	"display": {
		"thirdperson_righthand": {
			"rotation": [23, 0, 0],
			"translation": [0, 2.25, 1.25],
			"scale": [0.4, 0.4, 0.4]
		},
		"thirdperson_lefthand": {
			"rotation": [23, 0, 0],
			"translation": [0, 2.25, 1.25],
			"scale": [0.4, 0.4, 0.4]
		},
		"firstperson_righthand": {
			"rotation": [-1.25, 0, 2],
			"translation": [0.25, 3.25, 1.5],
			"scale": [0.4, 0.4, 0.4]
		},
		"firstperson_lefthand": {
			"rotation": [-1.25, 0, 2],
			"translation": [0.25, 3.25, 1.5],
			"scale": [0.4, 0.4, 0.4]
		},
		"ground": {
			"rotation": [30, 0, 0],
			"translation": [0, 3.25, 0.25],
			"scale": [0.7, 0.7, 0.7]
		},
		"gui": {
			"rotation": [37, 150.5, -11.5],
			"translation": [-0.5, 3, 0],
			"scale": [1.53, 1.53, 1.53]
		},
		"head": {
			"translation": [0, 10.5, -4.75],
			"scale": [0.61, 0.61, 0.61]
		},
		"fixed": {
			"rotation": [-36.75, 0, 0],
			"translation": [0, 2.25, -4.5],
			"scale": [1.4, 1.4, 1.4]
		}
	}
}